id,chara_id,episode_index,story_id,lock_type_1,lock_value_1_1,lock_value_1_2,add_reward_category_1,add_reward_id_1,add_reward_num_1,exp_type
1,1001,1,41001001,0,0,0,90,43,20,1
2,1001,2,41001002,0,0,0,90,43,20,1
3,1001,3,41001003,0,0,0,90,43,20,1
4,1001,4,41001004,0,0,0,90,43,20,1
5,1001,5,41001005,6,1001,1,90,43,50,2
6,1001,6,41001006,6,1001,3,90,43,50,2
7,1001,7,41001007,6,1001,6,90,43,50,2
8,1002,1,41002001,0,0,0,90,43,20,1
9,1002,2,41002002,0,0,0,90,43,20,1
10,1002,3,41002003,0,0,0,90,43,20,1
11,1002,4,41002004,0,0,0,90,43,20,1
12,1002,5,41002005,6,1002,1,90,43,50,2
13,1002,6,41002006,6,1002,3,90,43,50,2
14,1002,7,41002007,6,1002,6,90,43,50,2
15,1003,1,41003001,0,0,0,90,43,20,1
16,1003,2,41003002,0,0,0,90,43,20,1
17,1003,3,41003003,0,0,0,90,43,20,1
18,1003,4,41003004,0,0,0,90,43,20,1
19,1003,5,41003005,6,1003,1,90,43,50,2
20,1003,6,41003006,6,1003,3,90,43,50,2
21,1003,7,41003007,6,1003,6,90,43,50,2
22,1004,1,41004001,0,0,0,90,43,20,1
23,1004,2,41004002,0,0,0,90,43,20,1
24,1004,3,41004003,0,0,0,90,43,20,1
25,1004,4,41004004,0,0,0,90,43,20,1
26,1004,5,41004005,6,1004,1,90,43,50,2
27,1004,6,41004006,6,1004,3,90,43,50,2
28,1004,7,41004007,6,1004,6,90,43,50,2
29,1005,1,41005001,0,0,0,90,43,20,1
30,1005,2,41005002,0,0,0,90,43,20,1
31,1005,3,41005003,0,0,0,90,43,20,1
32,1005,4,41005004,0,0,0,90,43,20,1
33,1005,5,41005005,6,1005,1,90,43,50,2
34,1005,6,41005006,6,1005,3,90,43,50,2
35,1005,7,41005007,6,1005,6,90,43,50,2
36,1006,1,41006001,0,0,0,90,43,20,1
37,1006,2,41006002,0,0,0,90,43,20,1
38,1006,3,41006003,0,0,0,90,43,20,1
39,1006,4,41006004,0,0,0,90,43,20,1
40,1006,5,41006005,6,1006,1,90,43,50,2
41,1006,6,41006006,6,1006,3,90,43,50,2
42,1006,7,41006007,6,1006,6,90,43,50,2
43,1007,1,41007001,0,0,0,90,43,20,1
44,1007,2,41007002,0,0,0,90,43,20,1
45,1007,3,41007003,0,0,0,90,43,20,1
46,1007,4,41007004,0,0,0,90,43,20,1
47,1007,5,41007005,6,1007,1,90,43,50,2
48,1007,6,41007006,6,1007,3,90,43,50,2
49,1007,7,41007007,6,1007,6,90,43,50,2
50,1008,1,41008001,0,0,0,90,43,20,1
51,1008,2,41008002,0,0,0,90,43,20,1
52,1008,3,41008003,0,0,0,90,43,20,1
53,1008,4,41008004,0,0,0,90,43,20,1
54,1008,5,41008005,6,1008,1,90,43,50,2
55,1008,6,41008006,6,1008,3,90,43,50,2
56,1008,7,41008007,6,1008,6,90,43,50,2
57,1009,1,41009001,0,0,0,90,43,20,1
58,1009,2,41009002,0,0,0,90,43,20,1
59,1009,3,41009003,0,0,0,90,43,20,1
60,1009,4,41009004,0,0,0,90,43,20,1
61,1009,5,41009005,6,1009,1,90,43,50,2
62,1009,6,41009006,6,1009,3,90,43,50,2
63,1009,7,41009007,6,1009,6,90,43,50,2
64,1010,1,41010001,0,0,0,90,43,20,1
65,1010,2,41010002,0,0,0,90,43,20,1
66,1010,3,41010003,0,0,0,90,43,20,1
67,1010,4,41010004,0,0,0,90,43,20,1
68,1010,5,41010005,6,1010,1,90,43,50,2
69,1010,6,41010006,6,1010,3,90,43,50,2
70,1010,7,41010007,6,1010,6,90,43,50,2
71,1011,1,41011001,0,0,0,90,43,20,1
72,1011,2,41011002,0,0,0,90,43,20,1
73,1011,3,41011003,0,0,0,90,43,20,1
74,1011,4,41011004,0,0,0,90,43,20,1
75,1011,5,41011005,6,1011,1,90,43,50,2
76,1011,6,41011006,6,1011,3,90,43,50,2
77,1011,7,41011007,6,1011,6,90,43,50,2
78,1012,1,41012001,0,0,0,90,43,20,1
79,1012,2,41012002,0,0,0,90,43,20,1
80,1012,3,41012003,0,0,0,90,43,20,1
81,1012,4,41012004,0,0,0,90,43,20,1
82,1012,5,41012005,6,1012,1,90,43,50,2
83,1012,6,41012006,6,1012,3,90,43,50,2
84,1012,7,41012007,6,1012,6,90,43,50,2
85,1013,1,41013001,0,0,0,90,43,20,1
86,1013,2,41013002,0,0,0,90,43,20,1
87,1013,3,41013003,0,0,0,90,43,20,1
88,1013,4,41013004,0,0,0,90,43,20,1
89,1013,5,41013005,6,1013,1,90,43,50,2
90,1013,6,41013006,6,1013,3,90,43,50,2
91,1013,7,41013007,6,1013,6,90,43,50,2
92,1014,1,41014001,0,0,0,90,43,20,1
93,1014,2,41014002,0,0,0,90,43,20,1
94,1014,3,41014003,0,0,0,90,43,20,1
95,1014,4,41014004,0,0,0,90,43,20,1
96,1014,5,41014005,6,1014,1,90,43,50,2
97,1014,6,41014006,6,1014,3,90,43,50,2
98,1014,7,41014007,6,1014,6,90,43,50,2
99,1015,1,41015001,0,0,0,90,43,20,1
100,1015,2,41015002,0,0,0,90,43,20,1
101,1015,3,41015003,0,0,0,90,43,20,1
102,1015,4,41015004,0,0,0,90,43,20,1
103,1015,5,41015005,6,1015,1,90,43,50,2
104,1015,6,41015006,6,1015,3,90,43,50,2
105,1015,7,41015007,6,1015,6,90,43,50,2
106,1017,1,41017001,0,0,0,90,43,20,1
107,1017,2,41017002,0,0,0,90,43,20,1
108,1017,3,41017003,0,0,0,90,43,20,1
109,1017,4,41017004,0,0,0,90,43,20,1
110,1017,5,41017005,6,1017,1,90,43,50,2
111,1017,6,41017006,6,1017,3,90,43,50,2
112,1017,7,41017007,6,1017,6,90,43,50,2
113,1018,1,41018001,0,0,0,90,43,20,1
114,1018,2,41018002,0,0,0,90,43,20,1
115,1018,3,41018003,0,0,0,90,43,20,1
116,1018,4,41018004,0,0,0,90,43,20,1
117,1018,5,41018005,6,1018,1,90,43,50,2
118,1018,6,41018006,6,1018,3,90,43,50,2
119,1018,7,41018007,6,1018,6,90,43,50,2
120,1020,1,41020001,0,0,0,90,43,20,1
121,1020,2,41020002,0,0,0,90,43,20,1
122,1020,3,41020003,0,0,0,90,43,20,1
123,1020,4,41020004,0,0,0,90,43,20,1
124,1020,5,41020005,6,1020,1,90,43,50,2
125,1020,6,41020006,6,1020,3,90,43,50,2
126,1020,7,41020007,6,1020,6,90,43,50,2
141,1023,1,41023001,0,0,0,90,43,20,1
142,1023,2,41023002,0,0,0,90,43,20,1
143,1023,3,41023003,0,0,0,90,43,20,1
144,1023,4,41023004,0,0,0,90,43,20,1
145,1023,5,41023005,6,1023,1,90,43,50,2
146,1023,6,41023006,6,1023,3,90,43,50,2
147,1023,7,41023007,6,1023,6,90,43,50,2
148,1024,1,41024001,0,0,0,90,43,20,1
149,1024,2,41024002,0,0,0,90,43,20,1
150,1024,3,41024003,0,0,0,90,43,20,1
151,1024,4,41024004,0,0,0,90,43,20,1
152,1024,5,41024005,6,1024,1,90,43,50,2
153,1024,6,41024006,6,1024,3,90,43,50,2
154,1024,7,41024007,6,1024,6,90,43,50,2
162,1027,1,41027001,0,0,0,90,43,20,1
163,1027,2,41027002,0,0,0,90,43,20,1
164,1027,3,41027003,0,0,0,90,43,20,1
165,1027,4,41027004,0,0,0,90,43,20,1
166,1027,5,41027005,6,1027,1,90,43,50,2
167,1027,6,41027006,6,1027,3,90,43,50,2
168,1027,7,41027007,6,1027,6,90,43,50,2
183,1032,1,41032001,0,0,0,90,43,20,1
184,1032,2,41032002,0,0,0,90,43,20,1
185,1032,3,41032003,0,0,0,90,43,20,1
186,1032,4,41032004,0,0,0,90,43,20,1
187,1032,5,41032005,6,1032,1,90,43,50,2
188,1032,6,41032006,6,1032,3,90,43,50,2
189,1032,7,41032007,6,1032,6,90,43,50,2
190,1035,1,41035001,0,0,0,90,43,20,1
191,1035,2,41035002,0,0,0,90,43,20,1
192,1035,3,41035003,0,0,0,90,43,20,1
193,1035,4,41035004,0,0,0,90,43,20,1
194,1035,5,41035005,6,1035,1,90,43,50,2
195,1035,6,41035006,6,1035,3,90,43,50,2
196,1035,7,41035007,6,1035,6,90,43,50,2
204,1037,1,41037001,0,0,0,90,43,20,1
205,1037,2,41037002,0,0,0,90,43,20,1
206,1037,3,41037003,0,0,0,90,43,20,1
207,1037,4,41037004,0,0,0,90,43,20,1
208,1037,5,41037005,6,1037,1,90,43,50,2
209,1037,6,41037006,6,1037,3,90,43,50,2
210,1037,7,41037007,6,1037,6,90,43,50,2
211,1040,1,41040001,0,0,0,90,43,20,1
212,1040,2,41040002,0,0,0,90,43,20,1
213,1040,3,41040003,0,0,0,90,43,20,1
214,1040,4,41040004,0,0,0,90,43,20,1
215,1040,5,41040005,6,1040,1,90,43,50,2
216,1040,6,41040006,6,1040,3,90,43,50,2
217,1040,7,41040007,6,1040,6,90,43,50,2
218,1041,1,41041001,0,0,0,90,43,20,1
219,1041,2,41041002,0,0,0,90,43,20,1
220,1041,3,41041003,0,0,0,90,43,20,1
221,1041,4,41041004,0,0,0,90,43,20,1
222,1041,5,41041005,6,1041,1,90,43,50,2
223,1041,6,41041006,6,1041,3,90,43,50,2
224,1041,7,41041007,6,1041,6,90,43,50,2
225,1045,1,41045001,0,0,0,90,43,20,1
226,1045,2,41045002,0,0,0,90,43,20,1
227,1045,3,41045003,0,0,0,90,43,20,1
228,1045,4,41045004,0,0,0,90,43,20,1
229,1045,5,41045005,6,1045,1,90,43,50,2
230,1045,6,41045006,6,1045,3,90,43,50,2
231,1045,7,41045007,6,1045,6,90,43,50,2
232,1046,1,41046001,0,0,0,90,43,20,1
233,1046,2,41046002,0,0,0,90,43,20,1
234,1046,3,41046003,0,0,0,90,43,20,1
235,1046,4,41046004,0,0,0,90,43,20,1
236,1046,5,41046005,6,1046,1,90,43,50,2
237,1046,6,41046006,6,1046,3,90,43,50,2
238,1046,7,41046007,6,1046,6,90,43,50,2
239,1050,1,41050001,0,0,0,90,43,20,1
240,1050,2,41050002,0,0,0,90,43,20,1
241,1050,3,41050003,0,0,0,90,43,20,1
242,1050,4,41050004,0,0,0,90,43,20,1
243,1050,5,41050005,6,1050,1,90,43,50,2
244,1050,6,41050006,6,1050,3,90,43,50,2
245,1050,7,41050007,6,1050,6,90,43,50,2
246,1052,1,41052001,0,0,0,90,43,20,1
247,1052,2,41052002,0,0,0,90,43,20,1
248,1052,3,41052003,0,0,0,90,43,20,1
249,1052,4,41052004,0,0,0,90,43,20,1
250,1052,5,41052005,6,1052,1,90,43,50,2
251,1052,6,41052006,6,1052,3,90,43,50,2
252,1052,7,41052007,6,1052,6,90,43,50,2
260,1056,1,41056001,0,0,0,90,43,20,1
261,1056,2,41056002,0,0,0,90,43,20,1
262,1056,3,41056003,0,0,0,90,43,20,1
263,1056,4,41056004,0,0,0,90,43,20,1
264,1056,5,41056005,6,1056,1,90,43,50,2
265,1056,6,41056006,6,1056,3,90,43,50,2
266,1056,7,41056007,6,1056,6,90,43,50,2
267,1060,1,41060001,0,0,0,90,43,20,1
268,1060,2,41060002,0,0,0,90,43,20,1
269,1060,3,41060003,0,0,0,90,43,20,1
270,1060,4,41060004,0,0,0,90,43,20,1
271,1060,5,41060005,6,1060,1,90,43,50,2
272,1060,6,41060006,6,1060,3,90,43,50,2
273,1060,7,41060007,6,1060,6,90,43,50,2
274,1061,1,41061001,0,0,0,90,43,20,1
275,1061,2,41061002,0,0,0,90,43,20,1
276,1061,3,41061003,0,0,0,90,43,20,1
277,1061,4,41061004,0,0,0,90,43,20,1
278,1061,5,41061005,6,1061,1,90,43,50,2
279,1061,6,41061006,6,1061,3,90,43,50,2
280,1061,7,41061007,6,1061,6,90,43,50,2
281,1030,1,41030001,0,0,0,90,43,20,1
282,1030,2,41030002,0,0,0,90,43,20,1
283,1030,3,41030003,0,0,0,90,43,20,1
284,1030,4,41030004,0,0,0,90,43,20,1
285,1030,5,41030005,6,1030,1,90,43,50,2
286,1030,6,41030006,6,1030,3,90,43,50,2
287,1030,7,41030007,6,1030,6,90,43,50,2
288,1026,1,41026001,0,0,0,90,43,20,1
289,1026,2,41026002,0,0,0,90,43,20,1
290,1026,3,41026003,0,0,0,90,43,20,1
291,1026,4,41026004,0,0,0,90,43,20,1
292,1026,5,41026005,6,1026,1,90,43,50,2
293,1026,6,41026006,6,1026,3,90,43,50,2
294,1026,7,41026007,6,1026,6,90,43,50,2
295,1038,1,41038001,0,0,0,90,43,20,1
296,1038,2,41038002,0,0,0,90,43,20,1
297,1038,3,41038003,0,0,0,90,43,20,1
298,1038,4,41038004,0,0,0,90,43,20,1
299,1038,5,41038005,6,1038,1,90,43,50,2
300,1038,6,41038006,6,1038,3,90,43,50,2
301,1038,7,41038007,6,1038,6,90,43,50,2
302,1016,1,41016001,0,0,0,90,43,20,1
303,1016,2,41016002,0,0,0,90,43,20,1
304,1016,3,41016003,0,0,0,90,43,20,1
305,1016,4,41016004,0,0,0,90,43,20,1
306,1016,5,41016005,6,1016,1,90,43,50,2
307,1016,6,41016006,6,1016,3,90,43,50,2
308,1016,7,41016007,6,1016,6,90,43,50,2
309,1058,1,41058001,0,0,0,90,43,20,1
310,1058,2,41058002,0,0,0,90,43,20,1
311,1058,3,41058003,0,0,0,90,43,20,1
312,1058,4,41058004,0,0,0,90,43,20,1
313,1058,5,41058005,6,1058,1,90,43,50,2
314,1058,6,41058006,6,1058,3,90,43,50,2
315,1058,7,41058007,6,1058,6,90,43,50,2
316,1028,1,41028001,0,0,0,90,43,20,1
317,1028,2,41028002,0,0,0,90,43,20,1
318,1028,3,41028003,0,0,0,90,43,20,1
319,1028,4,41028004,0,0,0,90,43,20,1
320,1028,5,41028005,6,1028,1,90,43,50,2
321,1028,6,41028006,6,1028,3,90,43,50,2
322,1028,7,41028007,6,1028,6,90,43,50,2
323,1019,1,41019001,0,0,0,90,43,20,1
324,1019,2,41019002,0,0,0,90,43,20,1
325,1019,3,41019003,0,0,0,90,43,20,1
326,1019,4,41019004,0,0,0,90,43,20,1
327,1019,5,41019005,6,1019,1,90,43,50,2
328,1019,6,41019006,6,1019,3,90,43,50,2
329,1019,7,41019007,6,1019,6,90,43,50,2
330,1039,1,41039001,0,0,0,90,43,20,1
331,1039,2,41039002,0,0,0,90,43,20,1
332,1039,3,41039003,0,0,0,90,43,20,1
333,1039,4,41039004,0,0,0,90,43,20,1
334,1039,5,41039005,6,1039,1,90,43,50,2
335,1039,6,41039006,6,1039,3,90,43,50,2
336,1039,7,41039007,6,1039,6,90,43,50,2
337,1025,1,41025001,0,0,0,90,43,20,1
338,1025,2,41025002,0,0,0,90,43,20,1
339,1025,3,41025003,0,0,0,90,43,20,1
340,1025,4,41025004,0,0,0,90,43,20,1
341,1025,5,41025005,6,1025,1,90,43,50,2
342,1025,6,41025006,6,1025,3,90,43,50,2
343,1025,7,41025007,6,1025,6,90,43,50,2
344,1048,1,41048001,0,0,0,90,43,20,1
345,1048,2,41048002,0,0,0,90,43,20,1
346,1048,3,41048003,0,0,0,90,43,20,1
347,1048,4,41048004,0,0,0,90,43,20,1
348,1048,5,41048005,6,1048,1,90,43,50,2
349,1048,6,41048006,6,1048,3,90,43,50,2
350,1048,7,41048007,6,1048,6,90,43,50,2
351,1059,1,41059001,0,0,0,90,43,20,1
352,1059,2,41059002,0,0,0,90,43,20,1
353,1059,3,41059003,0,0,0,90,43,20,1
354,1059,4,41059004,0,0,0,90,43,20,1
355,1059,5,41059005,6,1059,1,90,43,50,2
356,1059,6,41059006,6,1059,3,90,43,50,2
357,1059,7,41059007,6,1059,6,90,43,50,2
358,1022,1,41022001,0,0,0,90,43,20,1
359,1022,2,41022002,0,0,0,90,43,20,1
360,1022,3,41022003,0,0,0,90,43,20,1
361,1022,4,41022004,0,0,0,90,43,20,1
362,1022,5,41022005,6,1022,1,90,43,50,2
363,1022,6,41022006,6,1022,3,90,43,50,2
364,1022,7,41022007,6,1022,6,90,43,50,2
365,1021,1,41021001,0,0,0,90,43,20,1
366,1021,2,41021002,0,0,0,90,43,20,1
367,1021,3,41021003,0,0,0,90,43,20,1
368,1021,4,41021004,0,0,0,90,43,20,1
369,1021,5,41021005,6,1021,1,90,43,50,2
370,1021,6,41021006,6,1021,3,90,43,50,2
371,1021,7,41021007,6,1021,6,90,43,50,2
372,1069,1,41069001,0,0,0,90,43,20,1
373,1069,2,41069002,0,0,0,90,43,20,1
374,1069,3,41069003,0,0,0,90,43,20,1
375,1069,4,41069004,0,0,0,90,43,20,1
376,1069,5,41069005,6,1069,1,90,43,50,2
377,1069,6,41069006,6,1069,3,90,43,50,2
378,1069,7,41069007,6,1069,6,90,43,50,2
379,1071,1,41071001,0,0,0,90,43,20,1
380,1071,2,41071002,0,0,0,90,43,20,1
381,1071,3,41071003,0,0,0,90,43,20,1
382,1071,4,41071004,0,0,0,90,43,20,1
383,1071,5,41071005,6,1071,1,90,43,50,2
384,1071,6,41071006,6,1071,3,90,43,50,2
385,1071,7,41071007,6,1071,6,90,43,50,2
386,1033,1,41033001,0,0,0,90,43,20,1
387,1033,2,41033002,0,0,0,90,43,20,1
388,1033,3,41033003,0,0,0,90,43,20,1
389,1033,4,41033004,0,0,0,90,43,20,1
390,1033,5,41033005,6,1033,1,90,43,50,2
391,1033,6,41033006,6,1033,3,90,43,50,2
392,1033,7,41033007,6,1033,6,90,43,50,2
393,1068,1,41068001,0,0,0,90,43,20,1
394,1068,2,41068002,0,0,0,90,43,20,1
395,1068,3,41068003,0,0,0,90,43,20,1
396,1068,4,41068004,0,0,0,90,43,20,1
397,1068,5,41068005,6,1068,1,90,43,50,2
398,1068,6,41068006,6,1068,3,90,43,50,2
399,1068,7,41068007,6,1068,6,90,43,50,2
400,1062,1,41062001,0,0,0,90,43,20,1
401,1062,2,41062002,0,0,0,90,43,20,1
402,1062,3,41062003,0,0,0,90,43,20,1
403,1062,4,41062004,0,0,0,90,43,20,1
404,1062,5,41062005,6,1062,1,90,43,50,2
405,1062,6,41062006,6,1062,3,90,43,50,2
406,1062,7,41062007,6,1062,6,90,43,50,2
407,1067,1,41067001,0,0,0,90,43,20,1
408,1067,2,41067002,0,0,0,90,43,20,1
409,1067,3,41067003,0,0,0,90,43,20,1
410,1067,4,41067004,0,0,0,90,43,20,1
411,1067,5,41067005,6,1067,1,90,43,50,2
412,1067,6,41067006,6,1067,3,90,43,50,2
413,1067,7,41067007,6,1067,6,90,43,50,2
414,1074,1,41074001,0,0,0,90,43,20,1
415,1074,2,41074002,0,0,0,90,43,20,1
416,1074,3,41074003,0,0,0,90,43,20,1
417,1074,4,41074004,0,0,0,90,43,20,1
418,1074,5,41074005,6,1074,1,90,43,50,2
419,1074,6,41074006,6,1074,3,90,43,50,2
420,1074,7,41074007,6,1074,6,90,43,50,2
421,1051,1,41051001,0,0,0,90,43,20,1
422,1051,2,41051002,0,0,0,90,43,20,1
423,1051,3,41051003,0,0,0,90,43,20,1
424,1051,4,41051004,0,0,0,90,43,20,1
425,1051,5,41051005,6,1051,1,90,43,50,2
426,1051,6,41051006,6,1051,3,90,43,50,2
427,1051,7,41051007,6,1051,6,90,43,50,2
428,1072,1,41072001,0,0,0,90,43,20,1
429,1072,2,41072002,0,0,0,90,43,20,1
430,1072,3,41072003,0,0,0,90,43,20,1
431,1072,4,41072004,0,0,0,90,43,20,1
432,1072,5,41072005,6,1072,1,90,43,50,2
433,1072,6,41072006,6,1072,3,90,43,50,2
434,1072,7,41072007,6,1072,6,90,43,50,2
435,1031,1,41031001,0,0,0,90,43,20,1
436,1031,2,41031002,0,0,0,90,43,20,1
437,1031,3,41031003,0,0,0,90,43,20,1
438,1031,4,41031004,0,0,0,90,43,20,1
439,1031,5,41031005,6,1031,1,90,43,50,2
440,1031,6,41031006,6,1031,3,90,43,50,2
441,1031,7,41031007,6,1031,6,90,43,50,2
442,1064,1,41064001,0,0,0,90,43,20,1
443,1064,2,41064002,0,0,0,90,43,20,1
444,1064,3,41064003,0,0,0,90,43,20,1
445,1064,4,41064004,0,0,0,90,43,20,1
446,1064,5,41064005,6,1064,1,90,43,50,2
447,1064,6,41064006,6,1064,3,90,43,50,2
448,1064,7,41064007,6,1064,6,90,43,50,2
449,1034,1,41034001,0,0,0,90,43,20,1
450,1034,2,41034002,0,0,0,90,43,20,1
451,1034,3,41034003,0,0,0,90,43,20,1
452,1034,4,41034004,0,0,0,90,43,20,1
453,1034,5,41034005,6,1034,1,90,43,50,2
454,1034,6,41034006,6,1034,3,90,43,50,2
455,1034,7,41034007,6,1034,6,90,43,50,2
456,1044,1,41044001,0,0,0,90,43,20,1
457,1044,2,41044002,0,0,0,90,43,20,1
458,1044,3,41044003,0,0,0,90,43,20,1
459,1044,4,41044004,0,0,0,90,43,20,1
460,1044,5,41044005,6,1044,1,90,43,50,2
461,1044,6,41044006,6,1044,3,90,43,50,2
462,1044,7,41044007,6,1044,6,90,43,50,2
463,1036,1,41036001,0,0,0,90,43,20,1
464,1036,2,41036002,0,0,0,90,43,20,1
465,1036,3,41036003,0,0,0,90,43,20,1
466,1036,4,41036004,0,0,0,90,43,20,1
467,1036,5,41036005,6,1036,1,90,43,50,2
468,1036,6,41036006,6,1036,3,90,43,50,2
469,1036,7,41036007,6,1036,6,90,43,50,2
470,1053,1,41053001,0,0,0,90,43,20,1
471,1053,2,41053002,0,0,0,90,43,20,1
472,1053,3,41053003,0,0,0,90,43,20,1
473,1053,4,41053004,0,0,0,90,43,20,1
474,1053,5,41053005,6,1053,1,90,43,50,2
475,1053,6,41053006,6,1053,3,90,43,50,2
476,1053,7,41053007,6,1053,6,90,43,50,2
477,1098,1,41098001,0,0,0,90,43,20,1
478,1098,2,41098002,0,0,0,90,43,20,1
479,1098,3,41098003,0,0,0,90,43,20,1
480,1098,4,41098004,0,0,0,90,43,20,1
481,1098,5,41098005,6,1098,1,90,43,50,2
482,1098,6,41098006,6,1098,3,90,43,50,2
483,1098,7,41098007,6,1098,6,90,43,50,2
484,1029,1,41029001,0,0,0,90,43,20,1
485,1029,2,41029002,0,0,0,90,43,20,1
486,1029,3,41029003,0,0,0,90,43,20,1
487,1029,4,41029004,0,0,0,90,43,20,1
488,1029,5,41029005,6,1029,1,90,43,50,2
489,1029,6,41029006,6,1029,3,90,43,50,2
490,1029,7,41029007,6,1029,6,90,43,50,2
491,1042,1,41042001,0,0,0,90,43,20,1
492,1042,2,41042002,0,0,0,90,43,20,1
493,1042,3,41042003,0,0,0,90,43,20,1
494,1042,4,41042004,0,0,0,90,43,20,1
495,1042,5,41042005,6,1042,1,90,43,50,2
496,1042,6,41042006,6,1042,3,90,43,50,2
497,1042,7,41042007,6,1042,6,90,43,50,2
498,1087,1,41087001,0,0,0,90,43,20,1
499,1087,2,41087002,0,0,0,90,43,20,1
500,1087,3,41087003,0,0,0,90,43,20,1
501,1087,4,41087004,0,0,0,90,43,20,1
502,1087,5,41087005,6,1087,1,90,43,50,2
503,1087,6,41087006,6,1087,3,90,43,50,2
504,1087,7,41087007,6,1087,6,90,43,50,2
505,1078,1,41078001,0,0,0,90,43,20,1
506,1078,2,41078002,0,0,0,90,43,20,1
507,1078,3,41078003,0,0,0,90,43,20,1
508,1078,4,41078004,0,0,0,90,43,20,1
509,1078,5,41078005,6,1078,1,90,43,50,2
510,1078,6,41078006,6,1078,3,90,43,50,2
511,1078,7,41078007,6,1078,6,90,43,50,2
512,1049,1,41049001,0,0,0,90,43,20,1
513,1049,2,41049002,0,0,0,90,43,20,1
514,1049,3,41049003,0,0,0,90,43,20,1
515,1049,4,41049004,0,0,0,90,43,20,1
516,1049,5,41049005,6,1049,1,90,43,50,2
517,1049,6,41049006,6,1049,3,90,43,50,2
518,1049,7,41049007,6,1049,6,90,43,50,2
519,1100,1,41100001,0,0,0,90,43,20,1
520,1100,2,41100002,0,0,0,90,43,20,1
521,1100,3,41100003,0,0,0,90,43,20,1
522,1100,4,41100004,0,0,0,90,43,20,1
523,1100,5,41100005,6,1100,1,90,43,50,2
524,1100,6,41100006,6,1100,3,90,43,50,2
525,1100,7,41100007,6,1100,6,90,43,50,2
526,1047,1,41047001,0,0,0,90,43,20,1
527,1047,2,41047002,0,0,0,90,43,20,1
528,1047,3,41047003,0,0,0,90,43,20,1
529,1047,4,41047004,0,0,0,90,43,20,1
530,1047,5,41047005,6,1047,1,90,43,50,2
531,1047,6,41047006,6,1047,3,90,43,50,2
532,1047,7,41047007,6,1047,6,90,43,50,2
533,1099,1,41099001,0,0,0,90,43,20,1
534,1099,2,41099002,0,0,0,90,43,20,1
535,1099,3,41099003,0,0,0,90,43,20,1
536,1099,4,41099004,0,0,0,90,43,20,1
537,1099,5,41099005,6,1099,1,90,43,50,2
538,1099,6,41099006,6,1099,3,90,43,50,2
539,1099,7,41099007,6,1099,6,90,43,50,2
540,1065,1,41065001,0,0,0,90,43,20,1
541,1065,2,41065002,0,0,0,90,43,20,1
542,1065,3,41065003,0,0,0,90,43,20,1
543,1065,4,41065004,0,0,0,90,43,20,1
544,1065,5,41065005,6,1065,1,90,43,50,2
545,1065,6,41065006,6,1065,3,90,43,50,2
546,1065,7,41065007,6,1065,6,90,43,50,2
547,1043,1,41043001,0,0,0,90,43,20,1
548,1043,2,41043002,0,0,0,90,43,20,1
549,1043,3,41043003,0,0,0,90,43,20,1
550,1043,4,41043004,0,0,0,90,43,20,1
551,1043,5,41043005,6,1043,1,90,43,50,2
552,1043,6,41043006,6,1043,3,90,43,50,2
553,1043,7,41043007,6,1043,6,90,43,50,2
554,1066,1,41066001,0,0,0,90,43,20,1
555,1066,2,41066002,0,0,0,90,43,20,1
556,1066,3,41066003,0,0,0,90,43,20,1
557,1066,4,41066004,0,0,0,90,43,20,1
558,1066,5,41066005,6,1066,1,90,43,50,2
559,1066,6,41066006,6,1066,3,90,43,50,2
560,1066,7,41066007,6,1066,6,90,43,50,2
561,1057,1,41057001,0,0,0,90,43,20,1
562,1057,2,41057002,0,0,0,90,43,20,1
563,1057,3,41057003,0,0,0,90,43,20,1
564,1057,4,41057004,0,0,0,90,43,20,1
565,1057,5,41057005,6,1057,1,90,43,50,2
566,1057,6,41057006,6,1057,3,90,43,50,2
567,1057,7,41057007,6,1057,6,90,43,50,2
568,1085,1,41085001,0,0,0,90,43,20,1
569,1085,2,41085002,0,0,0,90,43,20,1
570,1085,3,41085003,0,0,0,90,43,20,1
571,1085,4,41085004,0,0,0,90,43,20,1
572,1085,5,41085005,6,1085,1,90,43,50,2
573,1085,6,41085006,6,1085,3,90,43,50,2
574,1085,7,41085007,6,1085,6,90,43,50,2
575,1083,1,41083001,0,0,0,90,43,20,1
576,1083,2,41083002,0,0,0,90,43,20,1
577,1083,3,41083003,0,0,0,90,43,20,1
578,1083,4,41083004,0,0,0,90,43,20,1
579,1083,5,41083005,6,1083,1,90,43,50,2
580,1083,6,41083006,6,1083,3,90,43,50,2
581,1083,7,41083007,6,1083,6,90,43,50,2
582,1076,1,41076001,0,0,0,90,43,20,1
583,1076,2,41076002,0,0,0,90,43,20,1
584,1076,3,41076003,0,0,0,90,43,20,1
585,1076,4,41076004,0,0,0,90,43,20,1
586,1076,5,41076005,6,1076,1,90,43,50,2
587,1076,6,41076006,6,1076,3,90,43,50,2
588,1076,7,41076007,6,1076,6,90,43,50,2
589,1105,1,41105001,0,0,0,90,43,20,1
590,1105,2,41105002,0,0,0,90,43,20,1
591,1105,3,41105003,0,0,0,90,43,20,1
592,1105,4,41105004,0,0,0,90,43,20,1
593,1105,5,41105005,6,1105,1,90,43,50,2
594,1105,6,41105006,6,1105,3,90,43,50,2
595,1105,7,41105007,6,1105,6,90,43,50,2
596,1106,1,41106001,0,0,0,90,43,20,1
597,1106,2,41106002,0,0,0,90,43,20,1
598,1106,3,41106003,0,0,0,90,43,20,1
599,1106,4,41106004,0,0,0,90,43,20,1
600,1106,5,41106005,6,1106,1,90,43,50,2
601,1106,6,41106006,6,1106,3,90,43,50,2
602,1106,7,41106007,6,1106,6,90,43,50,2
603,1084,1,41084001,0,0,0,90,43,20,1
604,1084,2,41084002,0,0,0,90,43,20,1
605,1084,3,41084003,0,0,0,90,43,20,1
606,1084,4,41084004,0,0,0,90,43,20,1
607,1084,5,41084005,6,1084,1,90,43,50,2
608,1084,6,41084006,6,1084,3,90,43,50,2
609,1084,7,41084007,6,1084,6,90,43,50,2
610,1055,1,41055001,0,0,0,90,43,20,1
611,1055,2,41055002,0,0,0,90,43,20,1
612,1055,3,41055003,0,0,0,90,43,20,1
613,1055,4,41055004,0,0,0,90,43,20,1
614,1055,5,41055005,6,1055,1,90,43,50,2
615,1055,6,41055006,6,1055,3,90,43,50,2
616,1055,7,41055007,6,1055,6,90,43,50,2
617,1104,1,41104001,0,0,0,90,43,20,1
618,1104,2,41104002,0,0,0,90,43,20,1
619,1104,3,41104003,0,0,0,90,43,20,1
620,1104,4,41104004,0,0,0,90,43,20,1
621,1104,5,41104005,6,1104,1,90,43,50,2
622,1104,6,41104006,6,1104,3,90,43,50,2
623,1104,7,41104007,6,1104,6,90,43,50,2
624,1070,1,41070001,0,0,0,90,43,20,1
625,1070,2,41070002,0,0,0,90,43,20,1
626,1070,3,41070003,0,0,0,90,43,20,1
627,1070,4,41070004,0,0,0,90,43,20,1
628,1070,5,41070005,6,1070,1,90,43,50,2
629,1070,6,41070006,6,1070,3,90,43,50,2
630,1070,7,41070007,6,1070,6,90,43,50,2
631,1077,1,41077001,0,0,0,90,43,20,1
632,1077,2,41077002,0,0,0,90,43,20,1
633,1077,3,41077003,0,0,0,90,43,20,1
634,1077,4,41077004,0,0,0,90,43,20,1
635,1077,5,41077005,6,1077,1,90,43,50,2
636,1077,6,41077006,6,1077,3,90,43,50,2
637,1077,7,41077007,6,1077,6,90,43,50,2
638,1093,1,41093001,0,0,0,90,43,20,1
639,1093,2,41093002,0,0,0,90,43,20,1
640,1093,3,41093003,0,0,0,90,43,20,1
641,1093,4,41093004,0,0,0,90,43,20,1
642,1093,5,41093005,6,1093,1,90,43,50,2
643,1093,6,41093006,6,1093,3,90,43,50,2
644,1093,7,41093007,6,1093,6,90,43,50,2
645,1086,1,41086001,0,0,0,90,43,20,1
646,1086,2,41086002,0,0,0,90,43,20,1
647,1086,3,41086003,0,0,0,90,43,20,1
648,1086,4,41086004,0,0,0,90,43,20,1
649,1086,5,41086005,6,1086,1,90,43,50,2
650,1086,6,41086006,6,1086,3,90,43,50,2
651,1086,7,41086007,6,1086,6,90,43,50,2
652,1107,1,41107001,0,0,0,90,43,20,1
653,1107,2,41107002,0,0,0,90,43,20,1
654,1107,3,41107003,0,0,0,90,43,20,1
655,1107,4,41107004,0,0,0,90,43,20,1
656,1107,5,41107005,6,1107,1,90,43,50,2
657,1107,6,41107006,6,1107,3,90,43,50,2
658,1107,7,41107007,6,1107,6,90,43,50,2
659,1088,1,41088001,0,0,0,90,43,20,1
660,1088,2,41088002,0,0,0,90,43,20,1
661,1088,3,41088003,0,0,0,90,43,20,1
662,1088,4,41088004,0,0,0,90,43,20,1
663,1088,5,41088005,6,1088,1,90,43,50,2
664,1088,6,41088006,6,1088,3,90,43,50,2
665,1088,7,41088007,6,1088,6,90,43,50,2
666,1089,1,41089001,0,0,0,90,43,20,1
667,1089,2,41089002,0,0,0,90,43,20,1
668,1089,3,41089003,0,0,0,90,43,20,1
669,1089,4,41089004,0,0,0,90,43,20,1
670,1089,5,41089005,6,1089,1,90,43,50,2
671,1089,6,41089006,6,1089,3,90,43,50,2
672,1089,7,41089007,6,1089,6,90,43,50,2
673,1091,1,41091001,0,0,0,90,43,20,1
674,1091,2,41091002,0,0,0,90,43,20,1
675,1091,3,41091003,0,0,0,90,43,20,1
676,1091,4,41091004,0,0,0,90,43,20,1
677,1091,5,41091005,6,1091,1,90,43,50,2
678,1091,6,41091006,6,1091,3,90,43,50,2
679,1091,7,41091007,6,1091,6,90,43,50,2
680,1054,1,41054001,0,0,0,90,43,20,1
681,1054,2,41054002,0,0,0,90,43,20,1
682,1054,3,41054003,0,0,0,90,43,20,1
683,1054,4,41054004,0,0,0,90,43,20,1
684,1054,5,41054005,6,1054,1,90,43,50,2
685,1054,6,41054006,6,1054,3,90,43,50,2
686,1054,7,41054007,6,1054,6,90,43,50,2
687,1063,1,41063001,0,0,0,90,43,20,1
688,1063,2,41063002,0,0,0,90,43,20,1
689,1063,3,41063003,0,0,0,90,43,20,1
690,1063,4,41063004,0,0,0,90,43,20,1
691,1063,5,41063005,6,1063,1,90,43,50,2
692,1063,6,41063006,6,1063,3,90,43,50,2
693,1063,7,41063007,6,1063,6,90,43,50,2
694,1108,1,41108001,0,0,0,90,43,20,1
695,1108,2,41108002,0,0,0,90,43,20,1
696,1108,3,41108003,0,0,0,90,43,20,1
697,1108,4,41108004,0,0,0,90,43,20,1
698,1108,5,41108005,6,1108,1,90,43,50,2
699,1108,6,41108006,6,1108,3,90,43,50,2
700,1108,7,41108007,6,1108,6,90,43,50,2
701,1080,1,41080001,0,0,0,90,43,20,1
702,1080,2,41080002,0,0,0,90,43,20,1
703,1080,3,41080003,0,0,0,90,43,20,1
704,1080,4,41080004,0,0,0,90,43,20,1
705,1080,5,41080005,6,1080,1,90,43,50,2
706,1080,6,41080006,6,1080,3,90,43,50,2
707,1080,7,41080007,6,1080,6,90,43,50,2
708,1109,1,41109001,0,0,0,90,43,20,1
709,1109,2,41109002,0,0,0,90,43,20,1
710,1109,3,41109003,0,0,0,90,43,20,1
711,1109,4,41109004,0,0,0,90,43,20,1
712,1109,5,41109005,6,1109,1,90,43,50,2
713,1109,6,41109006,6,1109,3,90,43,50,2
714,1109,7,41109007,6,1109,6,90,43,50,2
715,1102,1,41102001,0,0,0,90,43,20,1
716,1102,2,41102002,0,0,0,90,43,20,1
717,1102,3,41102003,0,0,0,90,43,20,1
718,1102,4,41102004,0,0,0,90,43,20,1
719,1102,5,41102005,6,1102,1,90,43,50,2
720,1102,6,41102006,6,1102,3,90,43,50,2
721,1102,7,41102007,6,1102,6,90,43,50,2
722,1082,1,41082001,0,0,0,90,43,20,1
723,1082,2,41082002,0,0,0,90,43,20,1
724,1082,3,41082003,0,0,0,90,43,20,1
725,1082,4,41082004,0,0,0,90,43,20,1
726,1082,5,41082005,6,1082,1,90,43,50,2
727,1082,6,41082006,6,1082,3,90,43,50,2
728,1082,7,41082007,6,1082,6,90,43,50,2
729,1094,1,41094001,0,0,0,90,43,20,1
730,1094,2,41094002,0,0,0,90,43,20,1
731,1094,3,41094003,0,0,0,90,43,20,1
732,1094,4,41094004,0,0,0,90,43,20,1
733,1094,5,41094005,6,1094,1,90,43,50,2
734,1094,6,41094006,6,1094,3,90,43,50,2
735,1094,7,41094007,6,1094,6,90,43,50,2
736,1119,1,41119001,0,0,0,90,43,20,1
737,1119,2,41119002,0,0,0,90,43,20,1
738,1119,3,41119003,0,0,0,90,43,20,1
739,1119,4,41119004,0,0,0,90,43,20,1
740,1119,5,41119005,6,1119,1,90,43,50,2
741,1119,6,41119006,6,1119,3,90,43,50,2
742,1119,7,41119007,6,1119,6,90,43,50,2
743,1120,1,41120001,0,0,0,90,43,20,1
744,1120,2,41120002,0,0,0,90,43,20,1
745,1120,3,41120003,0,0,0,90,43,20,1
746,1120,4,41120004,0,0,0,90,43,20,1
747,1120,5,41120005,6,1120,1,90,43,50,2
748,1120,6,41120006,6,1120,3,90,43,50,2
749,1120,7,41120007,6,1120,6,90,43,50,2
750,1116,1,41116001,0,0,0,90,43,20,1
751,1116,2,41116002,0,0,0,90,43,20,1
752,1116,3,41116003,0,0,0,90,43,20,1
753,1116,4,41116004,0,0,0,90,43,20,1
754,1116,5,41116005,6,1116,1,90,43,50,2
755,1116,6,41116006,6,1116,3,90,43,50,2
756,1116,7,41116007,6,1116,6,90,43,50,2
757,1110,1,41110001,0,0,0,90,43,20,1
758,1110,2,41110002,0,0,0,90,43,20,1
759,1110,3,41110003,0,0,0,90,43,20,1
760,1110,4,41110004,0,0,0,90,43,20,1
761,1110,5,41110005,6,1110,1,90,43,50,2
762,1110,6,41110006,6,1110,3,90,43,50,2
763,1110,7,41110007,6,1110,6,90,43,50,2
764,1121,1,41121001,0,0,0,90,43,20,1
765,1121,2,41121002,0,0,0,90,43,20,1
766,1121,3,41121003,0,0,0,90,43,20,1
767,1121,4,41121004,0,0,0,90,43,20,1
768,1121,5,41121005,6,1121,1,90,43,50,2
769,1121,6,41121006,6,1121,3,90,43,50,2
770,1121,7,41121007,6,1121,6,90,43,50,2
771,1124,1,41124001,0,0,0,90,43,20,1
772,1124,2,41124002,0,0,0,90,43,20,1
773,1124,3,41124003,0,0,0,90,43,20,1
774,1124,4,41124004,0,0,0,90,43,20,1
775,1124,5,41124005,6,1124,1,90,43,50,2
776,1124,6,41124006,6,1124,3,90,43,50,2
777,1124,7,41124007,6,1124,6,90,43,50,2
778,1111,1,41111001,0,0,0,90,43,20,1
779,1111,2,41111002,0,0,0,90,43,20,1
780,1111,3,41111003,0,0,0,90,43,20,1
781,1111,4,41111004,0,0,0,90,43,20,1
782,1111,5,41111005,6,1111,1,90,43,50,2
783,1111,6,41111006,6,1111,3,90,43,50,2
784,1111,7,41111007,6,1111,6,90,43,50,2
785,1117,1,41117001,0,0,0,90,43,20,1
786,1117,2,41117002,0,0,0,90,43,20,1
787,1117,3,41117003,0,0,0,90,43,20,1
788,1117,4,41117004,0,0,0,90,43,20,1
789,1117,5,41117005,6,1117,1,90,43,50,2
790,1117,6,41117006,6,1117,3,90,43,50,2
791,1117,7,41117007,6,1117,6,90,43,50,2
792,1079,1,41079001,0,0,0,90,43,20,1
793,1079,2,41079002,0,0,0,90,43,20,1
794,1079,3,41079003,0,0,0,90,43,20,1
795,1079,4,41079004,0,0,0,90,43,20,1
796,1079,5,41079005,6,1079,1,90,43,50,2
797,1079,6,41079006,6,1079,3,90,43,50,2
798,1079,7,41079007,6,1079,6,90,43,50,2
799,1073,1,41073001,0,0,0,90,43,20,1
800,1073,2,41073002,0,0,0,90,43,20,1
801,1073,3,41073003,0,0,0,90,43,20,1
802,1073,4,41073004,0,0,0,90,43,20,1
803,1073,5,41073005,6,1073,1,90,43,50,2
804,1073,6,41073006,6,1073,3,90,43,50,2
805,1073,7,41073007,6,1073,6,90,43,50,2
806,1115,1,41115001,0,0,0,90,43,20,1
807,1115,2,41115002,0,0,0,90,43,20,1
808,1115,3,41115003,0,0,0,90,43,20,1
809,1115,4,41115004,0,0,0,90,43,20,1
810,1115,5,41115005,6,1115,1,90,43,50,2
811,1115,6,41115006,6,1115,3,90,43,50,2
812,1115,7,41115007,6,1115,6,90,43,50,2
813,1131,1,41131001,0,0,0,90,43,20,1
814,1131,2,41131002,0,0,0,90,43,20,1
815,1131,3,41131003,0,0,0,90,43,20,1
816,1131,4,41131004,0,0,0,90,43,20,1
817,1131,5,41131005,6,1131,1,90,43,50,2
818,1131,6,41131006,6,1131,3,90,43,50,2
819,1131,7,41131007,6,1131,6,90,43,50,2
820,1096,1,41096001,0,0,0,90,43,20,1
821,1096,2,41096002,0,0,0,90,43,20,1
822,1096,3,41096003,0,0,0,90,43,20,1
823,1096,4,41096004,0,0,0,90,43,20,1
824,1096,5,41096005,6,1096,1,90,43,50,2
825,1096,6,41096006,6,1096,3,90,43,50,2
826,1096,7,41096007,6,1096,6,90,43,50,2
827,1127,1,41127001,0,0,0,90,43,20,1
828,1127,2,41127002,0,0,0,90,43,20,1
829,1127,3,41127003,0,0,0,90,43,20,1
830,1127,4,41127004,0,0,0,90,43,20,1
831,1127,5,41127005,6,1127,1,90,43,50,2
832,1127,6,41127006,6,1127,3,90,43,50,2
833,1127,7,41127007,6,1127,6,90,43,50,2
834,1090,1,41090001,0,0,0,90,43,20,1
835,1090,2,41090002,0,0,0,90,43,20,1
836,1090,3,41090003,0,0,0,90,43,20,1
837,1090,4,41090004,0,0,0,90,43,20,1
838,1090,5,41090005,6,1090,1,90,43,50,2
839,1090,6,41090006,6,1090,3,90,43,50,2
840,1090,7,41090007,6,1090,6,90,43,50,2
841,1132,1,41132001,0,0,0,90,43,20,1
842,1132,2,41132002,0,0,0,90,43,20,1
843,1132,3,41132003,0,0,0,90,43,20,1
844,1132,4,41132004,0,0,0,90,43,20,1
845,1132,5,41132005,6,1132,1,90,43,50,2
846,1132,6,41132006,6,1132,3,90,43,50,2
847,1132,7,41132007,6,1132,6,90,43,50,2
848,1133,1,41133001,0,0,0,90,43,20,1
849,1133,2,41133002,0,0,0,90,43,20,1
850,1133,3,41133003,0,0,0,90,43,20,1
851,1133,4,41133004,0,0,0,90,43,20,1
852,1133,5,41133005,6,1133,1,90,43,50,2
853,1133,6,41133006,6,1133,3,90,43,50,2
854,1133,7,41133007,6,1133,6,90,43,50,2
855,1113,1,41113001,0,0,0,90,43,20,1
856,1113,2,41113002,0,0,0,90,43,20,1
857,1113,3,41113003,0,0,0,90,43,20,1
858,1113,4,41113004,0,0,0,90,43,20,1
859,1113,5,41113005,6,1113,1,90,43,50,2
860,1113,6,41113006,6,1113,3,90,43,50,2
861,1113,7,41113007,6,1113,6,90,43,50,2
862,1097,1,41097001,0,0,0,90,43,20,1
863,1097,2,41097002,0,0,0,90,43,20,1
864,1097,3,41097003,0,0,0,90,43,20,1
865,1097,4,41097004,0,0,0,90,43,20,1
866,1097,5,41097005,6,1097,1,90,43,50,2
867,1097,6,41097006,6,1097,3,90,43,50,2
868,1097,7,41097007,6,1097,6,90,43,50,2
869,1081,1,41081001,0,0,0,90,43,20,1
870,1081,2,41081002,0,0,0,90,43,20,1
871,1081,3,41081003,0,0,0,90,43,20,1
872,1081,4,41081004,0,0,0,90,43,20,1
873,1081,5,41081005,6,1081,1,90,43,50,2
874,1081,6,41081006,6,1081,3,90,43,50,2
875,1081,7,41081007,6,1081,6,90,43,50,2
876,1095,1,41095001,0,0,0,90,43,20,1
877,1095,2,41095002,0,0,0,90,43,20,1
878,1095,3,41095003,0,0,0,90,43,20,1
879,1095,4,41095004,0,0,0,90,43,20,1
880,1095,5,41095005,6,1095,1,90,43,50,2
881,1095,6,41095006,6,1095,3,90,43,50,2
882,1095,7,41095007,6,1095,6,90,43,50,2
883,1092,1,41092001,0,0,0,90,43,20,1
884,1092,2,41092002,0,0,0,90,43,20,1
885,1092,3,41092003,0,0,0,90,43,20,1
886,1092,4,41092004,0,0,0,90,43,20,1
887,1092,5,41092005,6,1092,1,90,43,50,2
888,1092,6,41092006,6,1092,3,90,43,50,2
889,1092,7,41092007,6,1092,6,90,43,50,2
890,1114,1,41114001,0,0,0,90,43,20,1
891,1114,2,41114002,0,0,0,90,43,20,1
892,1114,3,41114003,0,0,0,90,43,20,1
893,1114,4,41114004,0,0,0,90,43,20,1
894,1114,5,41114005,6,1114,1,90,43,50,2
895,1114,6,41114006,6,1114,3,90,43,50,2
896,1114,7,41114007,6,1114,6,90,43,50,2
897,1135,1,41135001,0,0,0,90,43,20,1
898,1135,2,41135002,0,0,0,90,43,20,1
899,1135,3,41135003,0,0,0,90,43,20,1
900,1135,4,41135004,0,0,0,90,43,20,1
901,1135,5,41135005,6,1135,1,90,43,50,2
902,1135,6,41135006,6,1135,3,90,43,50,2
903,1135,7,41135007,6,1135,6,90,43,50,2
904,1137,1,41137001,0,0,0,90,43,20,1
905,1137,2,41137002,0,0,0,90,43,20,1
906,1137,3,41137003,0,0,0,90,43,20,1
907,1137,4,41137004,0,0,0,90,43,20,1
908,1137,5,41137005,6,1137,1,90,43,50,2
909,1137,6,41137006,6,1137,3,90,43,50,2
910,1137,7,41137007,6,1137,6,90,43,50,2
911,1103,1,41103001,0,0,0,90,43,20,1
912,1103,2,41103002,0,0,0,90,43,20,1
913,1103,3,41103003,0,0,0,90,43,20,1
914,1103,4,41103004,0,0,0,90,43,20,1
915,1103,5,41103005,6,1103,1,90,43,50,2
916,1103,6,41103006,6,1103,3,90,43,50,2
917,1103,7,41103007,6,1103,6,90,43,50,2
918,1129,1,41129001,0,0,0,90,43,20,1
919,1129,2,41129002,0,0,0,90,43,20,1
920,1129,3,41129003,0,0,0,90,43,20,1
921,1129,4,41129004,0,0,0,90,43,20,1
922,1129,5,41129005,6,1129,1,90,43,50,2
923,1129,6,41129006,6,1129,3,90,43,50,2
924,1129,7,41129007,6,1129,6,90,43,50,2
925,1143,1,41143001,0,0,0,90,43,20,1
926,1143,2,41143002,0,0,0,90,43,20,1
927,1143,3,41143003,0,0,0,90,43,20,1
928,1143,4,41143004,0,0,0,90,43,20,1
929,1143,5,41143005,6,1143,1,90,43,50,2
930,1143,6,41143006,6,1143,3,90,43,50,2
931,1143,7,41143007,6,1143,6,90,43,50,2
932,1130,1,41130001,0,0,0,90,43,20,1
933,1130,2,41130002,0,0,0,90,43,20,1
934,1130,3,41130003,0,0,0,90,43,20,1
935,1130,4,41130004,0,0,0,90,43,20,1
936,1130,5,41130005,6,1130,1,90,43,50,2
937,1130,6,41130006,6,1130,3,90,43,50,2
938,1130,7,41130007,6,1130,6,90,43,50,2
939,1118,1,41118001,0,0,0,90,43,20,1
940,1118,2,41118002,0,0,0,90,43,20,1
941,1118,3,41118003,0,0,0,90,43,20,1
942,1118,4,41118004,0,0,0,90,43,20,1
943,1118,5,41118005,6,1118,1,90,43,50,2
944,1118,6,41118006,6,1118,3,90,43,50,2
945,1118,7,41118007,6,1118,6,90,43,50,2
946,1112,1,41112001,0,0,0,90,43,20,1
947,1112,2,41112002,0,0,0,90,43,20,1
948,1112,3,41112003,0,0,0,90,43,20,1
949,1112,4,41112004,0,0,0,90,43,20,1
950,1112,5,41112005,6,1112,1,90,43,50,2
951,1112,6,41112006,6,1112,3,90,43,50,2
952,1112,7,41112007,6,1112,6,90,43,50,2
953,1136,1,41136001,0,0,0,90,43,20,1
954,1136,2,41136002,0,0,0,90,43,20,1
955,1136,3,41136003,0,0,0,90,43,20,1
956,1136,4,41136004,0,0,0,90,43,20,1
957,1136,5,41136005,6,1136,1,90,43,50,2
958,1136,6,41136006,6,1136,3,90,43,50,2
959,1136,7,41136007,6,1136,6,90,43,50,2
960,1134,1,41134001,0,0,0,90,43,20,1
961,1134,2,41134002,0,0,0,90,43,20,1
962,1134,3,41134003,0,0,0,90,43,20,1
963,1134,4,41134004,0,0,0,90,43,20,1
964,1134,5,41134005,6,1134,1,90,43,50,2
965,1134,6,41134006,6,1134,3,90,43,50,2
966,1134,7,41134007,6,1134,6,90,43,50,2
