id,command_name,base_state_name,pose_blend,type,state_group,category,start_blend_time,end_blend_time
1,idle00,idle00,1,-2,2,0,2300,1600
2,idle01,idle01,1,-2,2,0,2300,1600
3,idle01_SL,idle01_SL,0,-2,5,0,2300,1600
4,idle02,idle02,1,-2,2,0,2300,1600
5,idle02_SL,idle02_SL,0,-2,5,0,2300,1600
6,act01,act01,0,-2,0,0,2300,1600
7,act02,act02,0,-2,0,0,2300,1600
8,act03,act03,0,-2,0,0,2300,1600
9,act04,act04,0,-2,0,0,2300,1600
10,mot01,mot01,1,-2,2,0,2300,1600
11,mot02,mot02,1,-2,2,0,2300,1600
12,mot03,mot03,1,-2,2,0,2300,1600
13,mot04,mot04,1,-2,2,0,2300,1600
14,mot05,mot05,1,-2,2,0,2300,1600
15,mot06,mot06,1,-2,2,0,2300,1600
16,mot07,mot07,1,-2,2,0,2300,1600
17,mot08,mot08,1,-2,2,0,2300,1600
18,mot09,mot09,1,-2,2,0,2300,1600
19,advice01,advice01,1,0,2,0,2300,1600
20,advice02,advice02,1,0,2,0,2300,1600
21,advice03,advice03,1,0,2,0,2300,1600
22,advice04,advice04,1,0,2,0,2300,1600
23,akire01,akire01,1,0,2,0,2300,1600
24,akire02,akire02,1,0,2,0,2300,1600
25,akire03,akire03,1,0,2,0,2300,1600
26,akire04,akire04,1,0,2,0,2300,1600
27,akire05,akire05,1,0,2,0,2300,1600
28,akire06,akire06,1,0,2,0,2300,1600
29,angry01,angry01,1,0,2,0,2300,1600
30,angry02,angry02,1,0,2,0,2300,1600
31,angry03,angry03,1,0,2,0,2300,1600
32,angry04,angry04,1,0,2,0,2300,1600
33,angry05,angry05,1,0,2,0,2300,1600
34,angry06,angry06,1,0,2,0,2300,1600
35,angry07,angry07,1,0,2,0,2300,1600
36,angry08,angry08,1,0,2,0,2300,1600
37,appeal01,appeal01,1,0,2,0,2300,1600
38,appeal02,appeal02,1,0,2,0,2300,1600
39,appeal03,appeal03,1,0,2,0,2300,1600
40,banzai01,banzai01,0,0,0,0,2300,1600
41,bit01,bit01,1,0,2,0,2300,1600
42,bow01,bow01,1,0,2,0,2300,1600
43,bow02,bow02,1,0,2,0,2300,1600
44,bow03,bow03,1,0,2,0,2300,1600
45,bow04,bow04,1,0,2,0,2300,1600
46,bow05,bow05,1,0,2,0,2300,1600
47,bow06,bow06,1,0,2,0,2300,1600
48,bow07,bow07,1,0,2,0,2300,1600
49,bow08,bow08,1,0,2,0,2300,1600
50,byebye01,byebye01,0,0,0,0,2300,1600
51,byebye02,byebye02,0,0,0,0,2300,1600
52,byebye03,byebye03,0,0,0,0,2300,1600
53,byebye04,byebye04,0,0,0,0,2300,1600
54,byebye05,byebye05,1,0,2,0,2300,1600
55,byebye06,byebye06,1,0,2,0,2300,1600
56,byebye07,byebye07,1,0,2,0,2300,1600
57,check01,check01,0,0,0,0,2300,1600
58,check02,check02,0,0,0,0,2300,1600
59,check03,check03,0,0,0,0,2300,1600
60,check04,check04,0,0,0,0,2300,1600
61,check05,check05,0,0,0,0,2300,1600
62,check06,check06,0,0,0,0,2300,1600
63,check07,check07,0,0,0,0,2300,1600
64,check08,check08,0,0,0,0,2300,1600
65,check09,check09,0,0,0,0,2300,1600
66,check10,check10,0,0,0,0,2300,1600
67,check11,check11,1,0,2,0,2300,1600
68,clap01,clap01,1,0,2,0,2300,1600
69,clap02,clap02,1,0,2,0,2300,1600
70,clap03,clap03,1,0,2,0,2300,1600
71,clap04,clap04,1,0,2,0,2300,1600
72,clap05,clap05,1,0,2,0,2300,1600
73,come01,come01,1,0,2,0,2300,1600
74,come02,come02,1,0,2,0,2300,1600
75,come03,come03,1,0,2,0,2300,1600
76,come04,come04,1,0,2,0,2300,1600
77,come05,come05,1,0,2,0,2300,1600
78,count01,count01,1,0,2,0,2300,1600
79,cry01,cry01,1,0,2,0,2300,1600
80,cry02,cry02,1,0,2,0,2300,1600
81,cry03,cry03,1,0,2,0,2300,1600
82,cry04,cry04,1,0,2,0,2300,1600
83,cry05,cry05,1,0,2,0,2300,1600
84,cry06,cry06,1,0,2,0,2300,1600
85,cry07,cry07,1,0,2,0,2300,1600
86,cry08,cry08,1,0,2,0,2300,1600
87,cry09,cry09,1,0,2,0,2300,1600
88,cry10,cry10,1,0,2,0,2300,1600
89,cry11,cry11,0,0,0,0,2300,1600
90,dance01,dance01,1,0,2,0,2300,1600
91,dance02,dance02,1,0,2,0,2300,1600
92,dance03,dance03,1,0,2,0,2300,1600
93,dance04,dance04,1,0,2,0,2300,1600
94,dance05,dance05,1,0,2,0,2300,1600
95,dance06,dance06,1,0,2,0,2300,1600
96,dance07,dance07,0,0,0,0,2300,1600
97,dance08,dance08,1,0,2,0,2300,1600
98,dance09,dance09,1,0,2,0,2300,1600
99,dance10,dance10,1,0,2,0,2300,1600
100,dance11,dance11,1,0,2,0,2300,1600
101,dance12,dance12,1,0,2,0,2300,1600
102,dance13,dance13,1,0,2,0,2300,1600
103,dance14,dance14,1,0,2,0,2300,1600
104,dance15,dance15,1,0,2,0,2300,1600
105,dance16,dance16,1,0,2,0,2300,1600
106,dance17,dance17,1,0,2,0,2300,1600
107,dance18,dance18,1,0,2,0,2300,1600
108,dance19,dance19,1,0,2,0,2300,1600
109,fall01,fall01,1,0,2,0,2300,1600
110,fall02,fall02,1,0,2,0,2300,1600
111,fight01,fight01,1,0,2,0,2300,1600
112,fight02,fight02,1,0,2,0,2300,1600
113,fight03,fight03,1,0,2,0,2300,1600
114,fight04,fight04,1,0,2,0,2300,1600
115,fight05,fight05,1,0,2,0,2300,1600
116,fight06,fight06,1,0,2,0,2300,1600
117,fight07,fight07,1,0,2,0,2300,1600
118,fight08,fight08,1,0,2,0,2300,1600
119,fight09,fight09,1,0,2,0,2300,1600
120,fight10,fight10,1,0,2,0,2300,1600
121,fight11,fight11,1,0,2,0,2300,1600
122,fight12,fight12,1,0,2,0,2300,1600
123,fight13,fight13,1,0,2,0,2300,1600
124,fight14,fight14,1,0,2,0,2300,1600
125,gatts01,gatts01,1,0,2,0,2300,1600
126,gatts02,gatts02,1,0,2,0,2300,1600
127,gatts03,gatts03,1,0,2,0,2300,1600
128,gatts04,gatts04,1,0,2,0,2300,1600
129,gatts05,gatts05,1,0,2,0,2300,1600
130,gatts06,gatts06,1,0,2,0,2300,1600
131,gatts07,gatts07,0,0,0,0,2300,1600
132,getup01,getup01,0,0,0,0,2300,1600
133,goaway01,goaway01,0,0,0,0,2300,1600
134,good01,good01,1,0,2,0,2300,1600
135,good02,good02,1,0,2,0,2300,1600
136,good03,good03,1,0,2,0,2300,1600
137,guard01,guard01,0,0,0,0,2300,1600
138,guard02,guard02,1,0,2,0,2300,1600
139,guard03,guard03,1,0,2,0,2300,1600
140,guard04,guard04,1,0,2,0,2300,1600
141,guard05,guard05,1,0,2,0,2300,1600
142,handsup01,handsup01,1,0,2,0,2300,1600
143,handsup02,handsup02,1,0,2,0,2300,1600
144,handsup03,handsup03,1,0,2,0,2300,1600
145,happy01,happy01,1,0,2,0,2300,1600
146,happy02,happy02,1,0,2,0,2300,1600
147,happy03,happy03,1,0,2,0,2300,1600
148,happy04,happy04,1,0,2,0,2300,1600
149,happy05,happy05,1,0,2,0,2300,1600
150,hello01,hello01,0,0,0,0,2300,1600
151,hello02,hello02,0,0,0,0,2300,1600
152,hello03,hello03,1,0,2,0,2300,1600
153,hello04,hello04,1,0,2,0,2300,1600
154,hello05,hello05,1,0,2,0,2300,1600
155,hello06,hello06,1,0,2,0,2300,1600
156,hope01,hope01,1,0,2,0,2300,1600
157,hope02,hope02,1,0,2,0,2300,1600
158,hope03,hope03,1,0,2,0,2300,1600
159,hope04,hope04,1,0,2,0,2300,1600
160,hope05,hope05,1,0,2,0,2300,1600
161,hope06,hope06,1,0,2,0,2300,1600
162,hope07,hope07,1,0,2,0,2300,1600
163,hope08,hope08,1,0,2,0,2300,1600
164,hope09,hope09,1,0,2,0,2300,1600
165,hope10,hope10,1,0,2,0,2300,1600
166,hot01,hot01,1,0,2,0,2300,1600
167,hot02,hot02,1,0,2,0,2300,1600
168,hot03,hot03,1,0,2,0,2300,1600
169,hungry01,hungry01,1,0,2,0,2300,1600
170,hungry02,hungry02,1,0,2,0,2300,1600
171,hungry03,hungry03,1,0,2,0,2300,1600
172,hurry01,hurry01,1,0,2,0,2300,1600
173,hurry02,hurry02,0,0,0,0,2300,1600
174,hurry03,hurry03,0,0,0,0,2300,1600
175,idea01,idea01,1,0,2,0,2300,1600
176,idea02,idea02,1,0,2,0,2300,1600
177,idea03,idea03,1,0,2,0,2300,1600
178,ikaku01,ikaku01,1,0,2,0,2300,1600
179,ikaku02,ikaku02,1,0,2,0,2300,1600
180,ikaku03,ikaku03,1,0,2,0,2300,1600
181,ikaku04,ikaku04,1,0,2,0,2300,1600
182,janken01,janken01,1,0,2,0,2300,1600
183,janken02,janken02,1,0,2,0,2300,1600
184,janken03,janken03,1,0,2,0,2300,1600
185,janken04,janken04,1,0,2,0,2300,1600
186,joke01,joke01,1,0,2,0,2300,1600
187,joke02,joke02,1,0,2,0,2300,1600
188,joke03,joke03,1,0,2,0,2300,1600
189,joy01,joy01,1,0,2,0,2300,1600
190,joy02,joy02,1,0,2,0,2300,1600
191,joy03,joy03,1,0,2,0,2300,1600
192,joy04,joy04,1,0,2,0,2300,1600
193,joy05,joy05,1,0,2,0,2300,1600
194,joy06,joy06,1,0,2,0,2300,1600
195,joy07,joy07,1,0,2,0,2300,1600
196,joy08,joy08,1,0,2,0,2300,1600
197,kick01,kick01,0,0,0,0,2300,1600
198,kiss01,kiss01,1,0,2,0,2300,1600
199,kiss02,kiss02,1,0,2,0,2300,1600
200,kiss03,kiss03,1,0,2,0,2300,1600
201,koshiate01,koshiate01,1,0,2,0,2300,1600
202,koshiate02,koshiate02,1,0,2,0,2300,1600
203,koshiate03,koshiate03,1,0,2,0,2300,1600
204,koshiate04,koshiate04,1,0,2,0,2300,1600
205,koshiate05,koshiate05,1,0,2,0,2300,1600
206,koshiate06,koshiate06,1,0,2,0,2300,1600
207,koshiate07,koshiate07,0,0,0,0,2300,1600
208,koshiate08,koshiate08,1,0,2,0,2300,1600
209,koshiate09,koshiate09,1,0,2,0,2300,1600
210,koshiate10,koshiate10,1,0,2,0,2300,1600
211,kuchiate01,kuchiate01,1,0,2,0,2300,1600
212,kuchiate02,kuchiate02,1,0,2,0,2300,1600
213,kuchiate03,kuchiate03,1,0,2,0,2300,1600
214,kuchiate04,kuchiate04,1,0,2,0,2300,1600
215,kuchiate05,kuchiate05,1,0,2,0,2300,1600
216,laugh01,laugh01,1,0,2,0,2300,1600
217,laugh02,laugh02,1,0,2,0,2300,1600
218,laugh03,laugh03,1,0,2,0,2300,1600
219,laugh04,laugh04,1,0,2,0,2300,1600
220,laugh05,laugh05,1,0,2,0,2300,1600
221,laugh06,laugh06,1,0,2,0,2300,1600
222,laugh07,laugh07,1,0,2,0,2300,1600
223,laugh08,laugh08,1,0,2,0,2300,1600
224,muneate01,muneate01,1,0,2,0,2300,1600
225,muneate02,muneate02,1,0,2,0,2300,1600
226,muneate03,muneate03,1,0,2,0,2300,1600
227,muneate04,muneate04,1,0,2,0,2300,1600
228,muneate05,muneate05,1,0,2,0,2300,1600
229,muneate06,muneate06,1,0,2,0,2300,1600
230,muneate07,muneate07,1,0,2,0,2300,1600
231,muneate08,muneate08,1,0,2,0,2300,1600
232,muneate09,muneate09,1,0,2,0,2300,1600
233,muneate10,muneate10,1,0,2,0,2300,1600
234,muscle01,muscle01,1,0,2,0,2300,1600
235,muscle02,muscle02,1,0,2,0,2300,1600
236,near01,near01,1,0,2,0,2300,1600
237,near02,near02,1,0,2,0,2300,1600
238,near03,near03,1,0,2,0,2300,1600
239,near04,near04,1,0,2,0,2300,1600
240,near05,near05,1,0,2,0,2300,1600
241,near06,near06,1,0,2,0,2300,1600
242,near07,near07,1,0,2,0,2300,1600
243,near08,near08,1,0,2,0,2300,1600
244,near09,near09,1,0,2,0,2300,1600
245,near10,near10,1,0,2,0,2300,1600
246,neckup01,neckup01,1,0,2,0,2300,1600
247,neckup02,neckup02,1,0,2,0,2300,1600
248,neckup03,neckup03,1,0,2,0,2300,1600
249,ng01,ng01,1,0,2,0,2300,1600
250,ng02,ng02,1,0,2,0,2300,1600
251,ng03,ng03,0,0,0,0,2300,1600
252,ng04,ng04,0,0,0,0,2300,1600
253,ng05,ng05,1,0,2,0,2300,1600
254,ng06,ng06,0,0,0,0,2300,1600
255,ng07,ng07,1,0,2,0,2300,1600
256,oh01,oh01,0,0,0,0,2300,1600
257,oh02,oh02,0,0,0,0,2300,1600
258,oh03,oh03,0,0,0,0,2300,1600
259,oh04,oh04,0,0,0,0,2300,1600
260,oh05,oh05,1,0,2,0,2300,1600
261,oh06,oh06,1,0,2,0,2300,1600
262,oh07,oh07,1,0,2,0,2300,1600
263,oh08,oh08,1,0,2,0,2300,1600
264,oh09,oh09,1,0,2,0,2300,1600
265,oh10,oh10,1,0,2,0,2300,1600
266,oh11,oh11,1,0,2,0,2300,1600
267,oh12,oh12,1,0,2,0,2300,1600
268,oh13,oh13,1,0,2,0,2300,1600
269,oh14,oh14,1,0,2,0,2300,1600
270,ok01,ok01,1,0,2,0,2300,1600
271,ok02,ok02,1,0,2,0,2300,1600
272,pain01,pain01,1,0,2,0,2300,1600
273,pain02,pain02,1,0,2,0,2300,1600
274,pain03,pain03,1,0,2,0,2300,1600
275,pain04,pain04,1,0,2,0,2300,1600
276,pain05,pain05,1,0,2,0,2300,1600
277,peace01,peace01,1,0,2,0,2300,1600
278,peace02,peace02,1,0,2,0,2300,1600
279,peace03,peace03,1,0,2,0,2300,1600
280,point01,point01,1,0,2,0,2300,1600
281,point02,point02,1,0,2,0,2300,1600
282,point03,point03,1,0,2,0,2300,1600
283,point04,point04,1,0,2,0,2300,1600
284,point05,point05,1,0,2,0,2300,1600
285,point06,point06,1,0,2,0,2300,1600
286,point07,point07,1,0,2,0,2300,1600
287,point08,point08,1,0,2,0,2300,1600
288,point09,point09,1,0,2,0,2300,1600
289,point10,point10,1,0,2,0,2300,1600
290,point11,point11,0,0,0,0,2300,1600
291,point12,point12,1,0,2,0,2300,1600
292,pose01,pose01,0,0,0,0,2300,1600
293,pose02,pose02,1,0,2,0,2300,1600
294,pose03,pose03,1,0,2,0,2300,1600
295,pose04,pose04,1,0,2,0,2300,1600
296,pose05,pose05,0,0,0,0,2300,1600
297,pose06,pose06,1,0,2,0,2300,1600
298,pose07,pose07,1,0,2,0,2300,1600
299,pose08,pose08,1,0,2,0,2300,1600
300,pose09,pose09,1,0,2,0,2300,1600
301,pose10,pose10,1,0,2,0,2300,1600
302,pose11,pose11,1,0,2,0,2300,1600
303,pose12,pose12,1,0,2,0,2300,1600
304,punch01,punch01,1,0,2,0,2300,1600
305,punch02,punch02,1,0,2,0,2300,1600
306,punch03,punch03,1,0,2,0,2300,1600
307,punch04,punch04,0,0,0,0,2300,1600
308,punch05,punch05,1,0,2,0,2300,1600
309,quiet01,quiet01,1,0,2,0,2300,1600
310,quiet02,quiet02,1,0,2,0,2300,1600
311,quiet03,quiet03,1,0,2,0,2300,1600
312,quiet04,quiet04,1,0,2,0,2300,1600
313,request01,request01,1,0,2,0,2300,1600
314,request02,request02,1,0,2,0,2300,1600
315,sad01,sad01,1,0,2,0,2300,1600
316,sad02,sad02,1,0,2,0,2300,1600
317,salute01,salute01,1,0,2,0,2300,1600
318,salute02,salute02,1,0,2,0,2300,1600
319,see01,see01,1,0,2,0,2300,1600
320,see02,see02,1,0,2,0,2300,1600
321,see03,see03,1,0,2,0,2300,1600
322,see04,see04,1,0,2,0,2300,1600
323,see05,see05,0,0,0,0,2300,1600
324,see06,see06,0,0,0,0,2300,1600
325,see07,see07,0,0,0,0,2300,1600
326,see08,see08,0,0,0,0,2300,1600
327,see09,see09,0,0,0,0,2300,1600
328,see10,see10,1,0,2,0,2300,1600
329,send01,send01,1,0,2,0,2300,1600
330,send02,send02,1,0,2,0,2300,1600
331,send03,send03,1,0,2,0,2300,1600
332,send04,send04,1,0,2,0,2300,1600
333,send05,send05,1,0,2,0,2300,1600
334,send06,send06,1,0,2,0,2300,1600
335,send07,send07,1,0,2,0,2300,1600
336,send08,send08,1,0,2,0,2300,1600
337,set01,set01,1,0,2,0,2300,1600
338,set02,set02,1,0,2,0,2300,1600
339,shake01,shake01,1,0,2,0,2300,1600
340,shake02,shake02,1,0,2,0,2300,1600
341,shake03,shake03,1,0,2,0,2300,1600
342,shake04,shake04,1,0,2,0,2300,1600
343,shake05,shake05,1,0,2,0,2300,1600
344,shake06,shake06,1,0,2,0,2300,1600
345,shock01,shock01,1,0,2,0,2300,1600
346,shock02,shock02,1,0,2,0,2300,1600
347,shock03,shock03,1,0,2,0,2300,1600
348,shock04,shock04,1,0,2,0,2300,1600
349,shock05,shock05,1,0,2,0,2300,1600
350,shock06,shock06,1,0,2,0,2300,1600
351,shock07,shock07,1,0,2,0,2300,1600
352,shock08,shock08,1,0,2,0,2300,1600
353,shy01,shy01,1,0,2,0,2300,1600
354,shy02,shy02,1,0,2,0,2300,1600
355,shy03,shy03,1,0,2,0,2300,1600
356,shy04,shy04,1,0,2,0,2300,1600
357,shy05,shy05,1,0,2,0,2300,1600
358,shy06,shy06,1,0,2,0,2300,1600
359,shy07,shy07,1,0,2,0,2300,1600
360,shy08,shy08,1,0,2,0,2300,1600
361,shy09,shy09,1,0,2,0,2300,1600
362,sleep01,sleep01,1,0,2,0,2300,1600
363,sleep02,sleep02,1,0,2,0,2300,1600
364,sleep03,sleep03,1,0,2,0,2300,1600
365,sleep04,sleep04,0,0,0,0,2300,1600
366,sleep05,sleep05,0,0,0,0,2300,1600
367,smell01,smell01,1,0,2,0,2300,1600
368,sneeze01,sneeze01,0,0,0,0,2300,1600
369,soppo01,soppo01,1,0,2,0,2300,1600
370,soppo02,soppo02,1,0,2,0,2300,1600
371,soppo03,soppo03,1,0,2,0,2300,1600
372,soppo04,soppo04,1,0,2,0,2300,1600
373,soppo05,soppo05,1,0,2,0,2300,1600
374,soppo06,soppo06,1,0,2,0,2300,1600
375,soppo07,soppo07,1,0,2,0,2300,1600
376,soppo08,soppo08,1,0,2,0,2300,1600
377,soppo09,soppo09,1,0,2,0,2300,1600
378,soppo10,soppo10,1,0,2,0,2300,1600
379,soppo11,soppo11,1,0,2,0,2300,1600
380,soppo12,soppo12,1,0,2,0,2300,1600
381,sorry01,sorry01,1,0,2,0,2300,1600
382,sorry02,sorry02,1,0,2,0,2300,1600
383,stop01,stop01,1,0,2,0,2300,1600
384,stretch01,stretch01,0,0,0,0,2300,1600
385,stretch02,stretch02,0,0,0,0,2300,1600
386,stretch03,stretch03,0,0,0,0,2300,1600
387,stretch04,stretch04,0,0,0,0,2300,1600
388,stretch05,stretch05,0,0,0,0,2300,1600
389,stretch06,stretch06,1,0,2,0,2300,1600
390,stretch07,stretch07,1,0,2,0,2300,1600
391,stretch08,stretch08,1,0,2,0,2300,1600
392,stretch09,stretch09,1,0,2,0,2300,1600
393,stretch10,stretch10,1,0,2,0,2300,1600
394,stretch11,stretch11,1,0,2,0,2300,1600
395,stretch12,stretch12,1,0,2,0,2300,1600
396,stretch13,stretch13,0,0,2,0,2300,1600
397,stretch14,stretch14,1,0,2,0,2300,1600
398,stretch15,stretch15,1,0,2,0,2300,1600
399,stretch16,stretch16,1,0,2,0,2300,1600
400,stretch17,stretch17,1,0,2,0,2300,1600
401,stretch18,stretch18,1,0,2,0,2300,1600
402,stretch19,stretch19,1,0,2,0,2300,1600
403,stretch20,stretch20,0,0,0,0,2300,1600
404,stretch21,stretch21,1,0,2,0,2300,1600
405,sudachi01,sudachi01,1,0,2,0,2300,1600
406,sudachi02,sudachi02,1,0,2,0,2300,1600
407,sudachi03,sudachi03,1,0,2,0,2300,1600
408,sudachi04,sudachi04,1,0,2,0,2300,1600
409,sudachi05,sudachi05,1,0,2,0,2300,1600
410,surprise01,surprise01,1,0,2,0,2300,1600
411,surprise02,surprise02,1,0,2,0,2300,1600
412,surprise03,surprise03,1,0,2,0,2300,1600
413,surprise04,surprise04,1,0,2,0,2300,1600
414,surprise05,surprise05,1,0,2,0,2300,1600
415,surprise06,surprise06,1,0,2,0,2300,1600
416,surprise07,surprise07,1,0,2,0,2300,1600
417,surprise08,surprise08,1,0,2,0,2300,1600
418,surprise09,surprise09,1,0,2,0,2300,1600
419,surprise10,surprise10,1,0,2,0,2300,1600
420,surprise11,surprise11,1,0,2,0,2300,1600
421,surprise12,surprise12,1,0,2,0,2300,1600
422,swing01,swing01,1,0,2,0,2300,1600
423,swing02,swing02,1,0,2,0,2300,1600
424,swing03,swing03,1,0,2,0,2300,1600
425,tekumi01,tekumi01,1,0,2,0,2300,1600
426,tekumi02,tekumi02,1,0,2,0,2300,1600
427,tekumi03,tekumi03,1,0,2,0,2300,1600
428,tekumi04,tekumi04,1,0,2,0,2300,1600
429,tekumi05,tekumi05,1,0,2,0,2300,1600
430,tekumi06,tekumi06,1,0,2,0,2300,1600
431,think01,think01,1,0,2,0,2300,1600
432,think02,think02,1,0,2,0,2300,1600
433,think03,think03,1,0,2,0,2300,1600
434,think04,think04,1,0,2,0,2300,1600
435,think05,think05,1,0,2,0,2300,1600
436,think06,think06,1,0,2,0,2300,1600
437,think07,think07,1,0,2,0,2300,1600
438,think08,think08,1,0,2,0,2300,1600
439,think09,think09,1,0,2,0,2300,1600
440,think10,think10,1,0,2,0,2300,1600
441,think11,think11,1,0,2,0,2300,1600
442,tired01,tired01,1,0,2,0,2300,1600
443,tired02,tired02,1,0,2,0,2300,1600
444,tired03,tired03,1,0,2,0,2300,1600
445,tired04,tired04,1,0,2,0,2300,1600
446,tired05,tired05,1,0,2,0,2300,1600
447,tired06,tired06,1,0,2,0,2300,1600
448,turn01,turn01,0,0,0,0,2300,1600
449,turn02,turn02,0,0,0,0,2300,1600
450,turn03,turn03,0,0,0,0,2300,1600
451,turn04,turn04,0,0,0,0,2300,1600
452,turn05,turn05,0,0,0,0,2300,1600
453,turn06,turn06,0,0,0,0,2300,1600
454,turn07,turn07,0,0,0,0,2300,1600
455,udekumi01,udekumi01,1,0,2,0,2300,1600
456,udekumi02,udekumi02,1,0,2,0,2300,1600
457,udekumi03,udekumi03,1,0,2,0,2300,1600
458,udekumi04,udekumi04,1,0,2,0,2300,1600
459,udekumi05,udekumi05,1,0,2,0,2300,1600
460,udekumi06,udekumi06,1,0,2,0,2300,1600
461,udekumi07,udekumi07,1,0,2,0,2300,1600
462,yell01,yell01,1,0,2,0,2300,1600
463,yell02,yell02,1,0,2,0,2300,1600
464,yell03,yell03,1,0,2,0,2300,1600
465,jumpin01,jumpin01,1,0,2,0,2300,1600
466,runin01,runin01,0,0,0,0,2300,1600
467,runin02,runin02,0,0,0,0,2300,1600
468,runin03,runin03,0,0,0,0,2300,1600
469,runin04,runin04,0,0,0,0,2300,1600
470,runin05,runin05,0,0,0,0,2300,1600
471,runin06,runin06,1,0,2,0,2300,1600
472,runin07,runin07,0,0,0,0,2300,1600
473,runout01,runout01,0,0,0,0,2300,1600
474,runout02,runout02,0,0,0,0,2300,1600
475,runout03,runout03,0,0,0,0,2300,1600
476,runout04,runout04,0,0,0,0,2300,1600
477,runout05,runout05,0,0,0,0,2300,1600
478,runout06,runout06,0,0,0,0,2300,1600
479,runout07,runout07,0,0,0,0,2300,1600
480,runout08,runout08,0,0,0,0,2300,1600
481,skipin01,skipin01,0,0,0,0,2300,1600
482,skip01,skip01,0,0,4,0,2300,1600
483,topin01,topin01,1,0,2,0,2300,1600
484,walk01,walk01,0,0,4,0,2300,1600
485,walkin01,walkin01,0,0,0,0,2300,1600
486,walkin02,walkin02,0,0,0,0,2300,1600
487,walkin03,walkin03,0,0,0,0,2300,1600
488,walkin04,walkin04,0,0,0,0,2300,1600
489,walkin05,walkin05,0,0,0,0,2300,1600
490,walkin06,walkin06,0,0,0,0,2300,1600
491,walkout01,walkout01,0,0,0,0,2300,1600
492,walkout02,walkout02,0,0,0,0,2300,1600
493,walkout03,walkout03,0,0,0,0,2300,1600
494,walkout04,walkout04,0,0,0,0,2300,1600
495,walkout05,walkout05,0,0,0,0,2300,1600
496,walkout06,walkout06,0,0,0,0,2300,1600
497,walkout07,walkout07,0,0,0,0,2300,1600
498,walkunique01,walkunique01,0,0,4,0,2300,1600
499,walkunique02,walkunique02,0,0,4,0,2300,1600
501,crouch01,crouch01,1,0,2,0,2300,1600
502,walk02,walk02,0,0,4,0,2300,1600
503,walk03,walk03,0,0,4,0,2300,1600
504,run01,run01,0,0,4,0,2300,1600
505,run02,run02,0,0,4,0,2300,1600
506,run03,run03,0,0,4,0,2300,1600
507,run04,run04,0,0,4,0,2300,1600
508,run05,run05,0,0,4,0,2300,1600
509,run06,run06,0,0,4,0,2300,1600
510,run07,run07,0,0,4,0,2300,1600
511,run08,run08,0,0,4,0,2300,1600
512,book01,book01,1,0,2,0,2300,1600
513,book02,book02,1,0,2,0,2300,1600
514,book03,book03,1,0,2,0,2300,1600
515,book04,book04,1,0,2,0,2300,1600
516,drink01,drink01,1,0,2,0,2300,1600
517,drinklong01,drinklong01,1,0,2,0,2300,1600
518,drink02,drink02,1,0,2,0,2300,1600
519,drinklong02,drinklong02,1,0,2,0,2300,1600
520,drink03,drink03,1,0,2,0,2300,1600
521,drinklong03,drinklong03,1,0,2,0,2300,1600
522,phoneend01,phoneend01,0,0,2,0,2300,1600
523,phonelook01,phonelook01,1,0,2,0,2300,1600
524,phoneplay01,phoneplay01,1,0,4,0,2300,1600
525,phoneselfie01,phoneselfie01,1,0,2,0,2300,1600
526,phonetalk01,phonetalk01,1,0,2,0,2300,1600
527,phonestart01,phonestart01,0,0,2,0,2300,1600
528,phoneend02,phoneend02,0,0,2,0,2300,1600
529,phonelook02,phonelook02,1,0,2,0,2300,1600
530,phoneplay02,phoneplay02,0,0,2,0,2300,1600
531,phoneselfie02,phoneselfie02,1,0,2,0,2300,1600
532,phonetalk02,phonetalk02,1,0,2,0,2300,1600
533,phonestart02,phonestart02,0,0,2,0,2300,1600
534,phoneend03,phoneend03,0,0,2,0,2300,1600
535,phonelook03,phonelook03,1,0,2,0,2300,1600
536,phoneplay03,phoneplay03,0,0,2,0,2300,1600
537,phonetalk03,phonetalk03,1,0,2,0,2300,1600
538,phonestart03,phonestart03,0,0,2,0,2300,1600
539,phonelook04,phonelook04,1,0,2,0,2300,1600
540,phonelook05,phonelook05,1,0,2,0,2300,1600
541,phonelook06,phonelook06,1,0,2,0,2300,1600
542,phonelook07,phonelook07,1,0,2,0,2300,1600
544,phoneselfie04,phoneselfie04,1,0,2,0,2300,1600
546,present01,present01,1,0,2,0,2300,1600
547,present02,present02,1,0,2,0,2300,1600
548,turnL,turnL,0,0,0,0,2300,1600
549,turnR,turnR,0,0,0,0,2300,1600
550,walkback01,walkback01,0,0,4,0,2300,1600
551,walkside01,walkside01,0,0,0,0,2300,1600
552,hit01,hit01,0,0,2,0,2300,1600
553,hit02,hit02,0,0,2,0,2300,1600
554,diarylook01,diarylook01,1,0,2,0,2300,1600
555,diaryslide01,diaryslide01,0,0,4,0,2300,1600
556,letterlook01,letterlook01,1,0,2,0,2300,1600
557,eartouch01,eartouch01,1,0,2,0,2300,1600
558,eartouch02,eartouch02,1,0,2,0,2300,1600
559,speech01,speech01,1,0,2,0,2300,1600
560,speech02,speech02,1,0,2,0,2300,1600
561,speech03,speech03,1,0,2,0,2300,1600
562,speech04,speech04,1,0,2,0,2300,1600
563,brush01,brush01,1,0,2,0,2300,1600
564,brush02,brush02,1,0,2,0,2300,1600
565,brush03,brush03,1,0,2,0,2300,1600
566,brush04,brush04,1,0,2,0,2300,1600
567,talk01,talk01,0,0,2,0,2300,1600
568,talk02,talk02,0,0,2,0,2300,1600
569,talk03,talk03,0,0,2,0,2300,1600
570,talk04,talk04,0,0,2,0,2300,1600
571,talk05,talk05,0,0,2,0,2300,1600
572,talk06,talk06,0,0,2,0,2300,1600
573,hightouch01,hightouch01,1,0,2,0,2300,1600
574,hightouch02,hightouch02,1,0,2,0,2300,1600
575,hightouch03,hightouch03,1,0,2,0,2300,1600
576,hightouch04,hightouch04,1,0,2,0,2300,1600
577,hightouch05,hightouch05,1,0,2,0,2300,1600
578,hightouch06,hightouch06,1,0,2,0,2300,1600
579,race_standby01,start_loop_L,0,-2,4,1,2300,1600
580,race_set01,start_set_L,0,-2,4,1,2300,1600
581,race_go01,start_go_L,0,-2,0,1,2300,1600
582,race_run02,run02_base,0,-2,4,1,2300,1600
583,race_sweat02,run02_sweat_base,0,-2,0,1,2300,1600
584,race_run03,run03_base,0,-2,4,1,2300,1600
585,race_sweat03,run03_sweat_base,0,-2,0,1,2300,1600
586,race_run05,run05_base,0,-2,4,1,2300,1600
587,race_overrun01,overRun01_loop_L,0,-2,4,1,2300,1600
588,race_winner01,overRun02_start_L,0,-2,0,1,2300,1600
589,race_winner02,overRun02_loop_L,0,-2,4,1,2300,1600
590,race_lose01,overRun03_start_L,0,-2,0,1,2300,1600
591,race_lose02,overRun03_loop_L,0,-2,4,1,2300,1600
592,stomp01,stomp01,1,0,2,0,2300,1600
593,take01,take01,1,0,2,0,2300,1600
594,swim01,swim01,1,0,2,0,2300,1600
595,lookback01,lookback01,0,0,0,0,2300,1600
596,lookback02,lookback02,0,0,0,0,2300,1600
597,eat01,eat01,1,0,2,0,2300,1600
598,byebye08,byebye08,1,0,2,0,2300,1600
599,byebye09,byebye09,1,0,2,0,2300,1600
600,byebye10,byebye10,1,0,2,0,2300,1600
601,byebye11,byebye11,1,0,2,0,2300,1600
602,byebye12,byebye12,1,0,2,0,2300,1600
603,byebye13,byebye13,1,0,2,0,2300,1600
604,pdk01,pdk01,0,-2,2,0,2300,1600
605,chair01_L,chair01_L,1,0,4,0,2300,1600
606,chair01_S,chair01_S,1,0,4,0,2300,1600
607,chair01_L_look01,chair01_L_look01,1,0,2,0,2300,1600
608,chair01_S_look01,chair01_S_look01,1,0,2,0,2300,1600
609,homewalk01,homewalk01,0,0,4,0,2300,1600
610,homewalk01_D,homewalk01_D,0,0,4,0,2300,1600
611,homewalk01_U,homewalk01_U,0,0,4,0,2300,1600
612,homewalk02,homewalk02,0,0,4,0,2300,1600
613,homewalk02_D,homewalk02_D,0,0,4,0,2300,1600
614,homewalk02_U,homewalk02_U,0,0,4,0,2300,1600
615,homewalk03,homewalk03,0,0,4,0,2300,1600
616,homewalk03_D,homewalk03_D,0,0,4,0,2300,1600
617,homewalk03_U,homewalk03_U,0,0,4,0,2300,1600
618,homewalk04,homewalk04,0,0,4,0,2300,1600
619,homewalk04_D,homewalk04_D,0,0,4,0,2300,1600
620,homewalk04_U,homewalk04_U,0,0,4,0,2300,1600
621,homewalk05,homewalk05,0,0,4,0,2300,1600
622,homewalk05_D,homewalk05_D,0,0,4,0,2300,1600
623,homewalk05_U,homewalk05_U,0,0,4,0,2300,1600
624,present03,present03,1,0,2,0,2300,1600
625,present04,present04,1,0,2,0,2300,1600
626,present05,present05,1,0,2,0,2300,1600
627,present06,present06,1,0,2,0,2300,1600
629,homestand01,homestand01,1,0,2,0,2300,1600
630,homestand01_turn50_L,homestand01_turn50_L,0,0,0,0,2300,1600
631,homestand01_turn50_R,homestand01_turn50_R,0,0,0,0,2300,1600
632,homestand01_turn135_L,homestand01_turn135_L,0,0,0,0,2300,1600
633,homestand01_turn135_R,homestand01_turn135_R,0,0,0,0,2300,1600
634,homestand02,homestand02,1,0,2,0,2300,1600
635,homestand02_turn50_L,homestand02_turn50_L,0,0,0,0,2300,1600
636,homestand02_turn50_R,homestand02_turn50_R,0,0,0,0,2300,1600
637,homestand02_turn135_L,homestand02_turn135_L,0,0,0,0,2300,1600
638,homestand02_turn135_R,homestand02_turn135_R,0,0,0,0,2300,1600
639,homestand03,homestand03,1,0,2,0,2300,1600
640,homestand03_turn50_L,homestand03_turn50_L,0,0,0,0,2300,1600
641,homestand03_turn50_R,homestand03_turn50_R,0,0,0,0,2300,1600
642,homestand03_turn135_L,homestand03_turn135_L,0,0,0,0,2300,1600
643,homestand03_turn135_R,homestand03_turn135_R,0,0,0,0,2300,1600
644,homestand04,homestand04,1,0,2,0,2300,1600
645,homestand04_turn50_L,homestand04_turn50_L,0,0,0,0,2300,1600
646,homestand04_turn50_R,homestand04_turn50_R,0,0,0,0,2300,1600
647,homestand04_turn135_L,homestand04_turn135_L,0,0,0,0,2300,1600
648,homestand04_turn135_R,homestand04_turn135_R,0,0,0,0,2300,1600
649,homestand05,homestand05,1,0,2,0,2300,1600
650,homestand05_turn50_L,homestand05_turn50_L,0,0,0,0,2300,1600
651,homestand05_turn50_R,homestand05_turn50_R,0,0,0,0,2300,1600
652,homestand05_turn135_L,homestand05_turn135_L,0,0,0,0,2300,1600
653,homestand05_turn135_R,homestand05_turn135_R,0,0,0,0,2300,1600
654,homestand06,homestand06,1,0,2,0,2300,1600
655,homestand06_turn50_L,homestand06_turn50_L,0,0,0,0,2300,1600
656,homestand06_turn50_R,homestand06_turn50_R,0,0,0,0,2300,1600
657,homestand06_turn135_L,homestand06_turn135_L,0,0,0,0,2300,1600
658,homestand06_turn135_R,homestand06_turn135_R,0,0,0,0,2300,1600
659,homestand07,homestand07,1,0,2,0,2300,1600
660,homestand07_turn50_L,homestand07_turn50_L,0,0,0,0,2300,1600
661,homestand07_turn50_R,homestand07_turn50_R,0,0,0,0,2300,1600
662,homestand07_turn135_L,homestand07_turn135_L,0,0,0,0,2300,1600
663,homestand07_turn135_R,homestand07_turn135_R,0,0,0,0,2300,1600
664,homestand08,homestand08,1,0,2,0,2300,1600
665,homestand08_turn50_L,homestand08_turn50_L,0,0,0,0,2300,1600
666,homestand08_turn50_R,homestand08_turn50_R,0,0,0,0,2300,1600
667,homestand08_turn135_L,homestand08_turn135_L,0,0,0,0,2300,1600
668,homestand08_turn135_R,homestand08_turn135_R,0,0,0,0,2300,1600
669,homestand09,homestand09,1,0,2,0,2300,1600
670,homestand09_turn50_L,homestand09_turn50_L,0,0,0,0,2300,1600
671,homestand09_turn50_R,homestand09_turn50_R,0,0,0,0,2300,1600
672,homestand09_turn135_L,homestand09_turn135_L,0,0,0,0,2300,1600
673,homestand09_turn135_R,homestand09_turn135_R,0,0,0,0,2300,1600
674,homestand10,homestand10,1,0,2,0,2300,1600
675,homestand10_turn50_L,homestand10_turn50_L,0,0,0,0,2300,1600
676,homestand10_turn50_R,homestand10_turn50_R,0,0,0,0,2300,1600
677,homestand10_turn135_L,homestand10_turn135_L,0,0,0,0,2300,1600
678,homestand10_turn135_R,homestand10_turn135_R,0,0,0,0,2300,1600
679,homestand11,homestand11,1,0,2,0,2300,1600
680,homestand11_turn50_L,homestand11_turn50_L,0,0,0,0,2300,1600
681,homestand11_turn50_R,homestand11_turn50_R,0,0,0,0,2300,1600
682,homestand11_turn135_L,homestand11_turn135_L,0,0,0,0,2300,1600
683,homestand11_turn135_R,homestand11_turn135_R,0,0,0,0,2300,1600
684,homestand12,homestand12,1,0,2,0,2300,1600
685,homestand12_turn50_L,homestand12_turn50_L,0,0,0,0,2300,1600
686,homestand12_turn50_R,homestand12_turn50_R,0,0,0,0,2300,1600
687,homestand12_turn135_L,homestand12_turn135_L,0,0,0,0,2300,1600
688,homestand12_turn135_R,homestand12_turn135_R,0,0,0,0,2300,1600
689,homestand13,homestand13,1,0,2,0,2300,1600
690,homestand13_turn50_L,homestand13_turn50_L,0,0,0,0,2300,1600
691,homestand13_turn50_R,homestand13_turn50_R,0,0,0,0,2300,1600
692,homestand13_turn135_L,homestand13_turn135_L,0,0,0,0,2300,1600
693,homestand13_turn135_R,homestand13_turn135_R,0,0,0,0,2300,1600
694,homestand14,homestand14,1,0,2,0,2300,1600
695,homestand14_turn50_L,homestand14_turn50_L,0,0,0,0,2300,1600
696,homestand14_turn50_R,homestand14_turn50_R,0,0,0,0,2300,1600
697,homestand14_turn135_L,homestand14_turn135_L,0,0,0,0,2300,1600
698,homestand14_turn135_R,homestand14_turn135_R,0,0,0,0,2300,1600
699,homestand15,homestand15,1,0,2,0,2300,1600
700,homestand15_turn50_L,homestand15_turn50_L,0,0,0,0,2300,1600
701,homestand15_turn50_R,homestand15_turn50_R,0,0,0,0,2300,1600
702,homestand15_turn135_L,homestand15_turn135_L,0,0,0,0,2300,1600
703,homestand15_turn135_R,homestand15_turn135_R,0,0,0,0,2300,1600
704,homestand16,homestand16,1,0,2,0,2300,1600
705,homestand16_turn50_L,homestand16_turn50_L,0,0,0,0,2300,1600
706,homestand16_turn50_R,homestand16_turn50_R,0,0,0,0,2300,1600
707,homestand16_turn135_L,homestand16_turn135_L,0,0,0,0,2300,1600
708,homestand16_turn135_R,homestand16_turn135_R,0,0,0,0,2300,1600
709,chair01_S_drink01,chair01_S_drink01,0,0,2,0,2300,1600
710,chair01_L_drink01,chair01_L_drink01,0,0,2,0,2300,1600
711,table_L_laptop01,table_L_laptop01,1,0,4,0,2300,1600
712,table_S_laptop01,table_S_laptop01,1,0,4,0,2300,1600
713,table_L_study01,table_L_study01,1,0,4,0,2300,1600
714,table_S_study01,table_S_study01,1,0,4,0,2300,1600
715,table_L_study02,table_L_study02,1,0,4,0,2300,1600
716,table_S_study02,table_S_study02,1,0,4,0,2300,1600
717,table_L_eat01,table_L_eat01,1,0,2,0,2300,1600
718,table_S_eat01,table_S_eat01,1,0,2,0,2300,1600
719,eat02,eat02,1,0,2,0,2300,1600
720,sorry03,sorry03,1,0,2,0,2300,1600
721,pain06,pain06,1,0,2,0,2300,1600
722,pain07,pain07,1,0,2,0,2300,1600
723,think12,think12,1,0,2,0,2300,1600
724,sudachi06,sudachi06,1,0,2,0,2300,1600
725,eatbase01,eatbase01,0,0,2,0,2300,1600
726,eatbase01_act01,eatbase01_act01,0,0,0,0,2300,1600
727,eatbase01_mot01,eatbase01_mot01,0,0,2,0,2300,1600
728,nen01,nen01,1,0,2,0,2300,1600
729,hug01,hug01,1,0,2,0,2300,1600
730,watchbase01,watchbase01,1,0,2,0,2300,1600
731,watchbase02,watchbase02,1,0,2,0,2300,1600
732,watchlook01,watchlook01,1,0,2,0,2300,1600
733,watchstart01,watchstart01,0,0,0,0,2300,1600
734,watchstop01,watchstop01,0,0,0,0,2300,1600
735,bag01,bag01,1,0,2,0,2300,1600
736,bag02,bag02,1,0,2,0,2300,1600
737,bag03,bag03,1,0,2,0,2300,1600
738,bag04,bag04,1,0,2,0,2300,1600
739,bag05,bag05,1,0,2,0,2300,1600
740,drink04,drink04,1,0,2,0,2300,1600
741,drink05,drink05,0,0,0,0,2300,1600
742,drink06,drink06,1,0,2,0,2300,1600
743,drink07,drink07,0,0,0,0,2300,1600
744,drink08,drink08,1,0,2,0,2300,1600
745,drink09,drink09,1,0,2,0,2300,1600
746,drink10_01,drink10_01,1,0,2,0,2300,1600
747,drink10_02,drink10_02,1,0,2,0,2300,1600
748,tapdance01,tapdance01,1,0,2,0,2300,1600
749,eat04,eat04,1,0,2,0,2300,1600
750,eat05,eat05,0,0,0,0,2300,1600
751,eat06,eat06,1,0,2,0,2300,1600
752,eat07,eat07,1,0,2,0,2300,1600
753,newspaper01,newspaper01,1,0,2,0,2300,1600
754,doll01,doll01,1,0,4,0,2300,1600
755,doll02,doll02,1,0,2,0,2300,1600
756,doll03,doll03,1,0,4,0,2300,1600
757,doll04,doll04,1,0,4,0,2300,1600
758,phonepicture01,phonepicture01,1,0,2,0,2300,1600
759,phonepicture02,phonepicture02,1,0,2,0,2300,1600
760,push01,push01,1,0,2,0,2300,1600
761,push02,push02,1,0,2,0,2300,1600
762,push03,push03,1,0,2,0,2300,1600
763,stretch22,stretch22,1,0,0,0,2300,1600
764,stretch23,stretch23,1,0,2,0,2300,1600
765,diarylook02,diarylook02,1,0,2,0,2300,1600
766,diarylook03,diarylook03,1,0,2,0,2300,1600
767,diarylook04,diarylook04,1,0,2,0,2300,1600
768,diarywrite01,diarywrite01,1,0,2,0,2300,1600
769,diarywrite02,diarywrite02,1,0,2,0,2300,1600
770,magic01,magic01,1,0,2,0,2300,1600
771,magic02,magic02,1,0,2,0,2300,1600
772,step01,step01,1,0,2,0,2300,1600
773,phoneshow01,phoneshow01,1,0,2,0,2300,1600
777,sing04,sing04,1,0,2,0,2300,1600
778,sing05,sing05,1,0,2,0,2300,1600
780,main_promise01,main_promise01,1,0,2,0,2300,1600
781,main_promise02,main_promise02,1,0,2,0,2300,1600
782,card01,card01,1,0,2,0,2300,1600
783,flower01,flower01,1,0,2,0,2300,1600
784,think13,think13,1,0,2,0,2300,1600
785,point13,point13,1,0,2,0,2300,1600
786,getup02,getup02,1,0,2,0,2300,1600
787,see11,see11,1,0,2,0,2300,1600
788,cheer01,cheer01,1,0,2,0,2300,1600
789,cheer02,cheer02,1,0,2,0,2300,1600
790,cheer03,cheer03,1,0,2,0,2300,1600
791,cheer04,cheer04,1,0,2,0,2300,1600
792,cheer05,cheer05,1,0,2,0,2300,1600
793,cheer06,cheer06,1,0,2,0,2300,1600
794,magic03,magic03,1,0,2,0,2300,1600
795,cheer07,cheer07,1,0,2,0,2300,1600
796,see12,see12,1,0,4,0,2300,1600
797,magic04,magic04,1,0,2,0,2300,1600
798,quiz01,quiz01,1,0,2,0,2300,1600
799,quiz02,quiz02,1,0,2,0,2300,1600
800,quiz03,quiz03,1,0,2,0,2300,1600
801,see13,see13,1,0,2,0,2300,1600
802,see14,see14,1,0,2,0,2300,1600
803,ng08,ng08,1,0,2,0,2300,1600
804,hold01,hold01,1,0,2,0,2300,1600
805,fall03,fall03,1,0,2,0,2300,1600
806,pose13,pose13,1,0,2,0,2300,1600
807,drinkmugA01,drinkmugA01,1,0,2,0,2300,1600
808,drinkmugA02,drinkmugA02,1,0,2,0,2300,1600
809,drinkmugA03,drinkmugA03,1,0,2,0,2300,1600
810,drinkmugA04,drinkmugA04,1,0,2,0,2300,1600
811,drinkmugB01,drinkmugB01,1,0,2,0,2300,1600
812,drinkmugB02,drinkmugB02,1,0,2,0,2300,1600
813,drinkmugB03,drinkmugB03,1,0,2,0,2300,1600
814,drinkmugB04,drinkmugB04,1,0,2,0,2300,1600
815,pose14,pose14,1,0,2,0,2300,1600
816,pose15,pose15,1,0,2,0,2300,1600
817,pose16,pose16,1,0,2,0,2300,1600
818,sad03,sad03,1,0,2,0,2300,1600
819,runback01,runback01,1,0,4,0,2300,1600
820,surprise13,surprise13,1,0,2,0,2300,1600
821,peace04,peace04,1,0,2,0,2300,1600
822,sitdown01,sitdown01,1,0,2,0,2300,1600
823,massage01,massage01,1,0,4,0,2300,1600
824,joke04,joke04,1,0,2,0,2300,1600
825,stretch24,stretch24,1,0,2,0,2300,1600
826,angry09,angry09,1,0,2,0,2300,1600
827,angry10,angry10,1,0,2,0,2300,1600
828,angry11,angry11,1,0,2,0,2300,1600
829,sorry04,sorry04,1,0,2,0,2300,1600
830,eat14,eat14,1,0,2,0,2300,1600
831,paper02,paper02,1,0,2,0,2300,1600
832,surprise14,surprise14,1,0,2,0,2300,1600
833,letterlook02,letterlook02,1,0,2,0,2300,1600
834,binder01_01,binder01_01,1,0,2,0,2300,1600
835,binder01_02,binder01_02,1,0,2,0,2300,1600
836,binder01_03,binder01_03,1,0,2,0,2300,1600
837,binder01_04,binder01_04,1,0,2,0,2300,1600
838,tablet01,tablet01,1,0,2,0,2300,1600
839,tablet02,tablet02,1,0,2,0,2300,1600
840,tablet03,tablet03,1,0,2,0,2300,1600
841,tablet04,tablet04,1,0,4,0,2300,1600
842,eat16_01,eat16_01,1,0,2,0,2300,1600
843,eat16_02,eat16_02,1,0,4,0,2300,1600
844,eat17_01_home,eat17_01_home,1,0,4,0,2300,1600
845,eat17_02_home,eat17_02_home,1,0,4,0,2300,1600
846,tired07,tired07,1,0,2,0,2300,1600
847,eat15,eat15,1,0,2,0,2300,1600
848,stop02,stop02,1,0,2,0,2300,1600
849,doll05_01,doll05_01,1,0,2,0,2300,1600
850,doll05_02,doll05_02,1,0,2,0,2300,1600
851,doll05_03,doll05_03,1,0,2,0,2300,1600
852,doll05_04,doll05_04,1,0,2,0,2300,1600
853,doll05_05,doll05_05,1,0,2,0,2300,1600
854,cook01_01,cook01_01,1,0,2,0,2300,1600
855,cook01_02,cook01_02,1,0,2,0,2300,1600
856,nail01,nail01,1,0,2,0,2300,1600
857,cry12,cry12,1,0,2,0,2300,1600
858,cry13,cry13,1,0,2,0,2300,1600
859,cry14,cry14,1,0,2,0,2300,1600
860,typewrite01,typewrite01,1,0,2,0,2300,1600
861,typewrite02,typewrite02,1,0,2,0,2300,1600
862,typewrite03,typewrite03,1,0,2,0,2300,1600
863,paper01,paper01,1,0,2,0,2300,1600
864,cook02_01,cook02_01,1,0,2,0,2300,1600
865,cook02_02,cook02_02,1,0,2,0,2300,1600
866,cook03_01,cook03_01,1,0,2,0,2300,1600
867,eat08_01,eat08_01,1,0,2,0,2300,1600
868,eat08_02,eat08_02,1,0,0,0,2300,1600
869,eat08_03,eat08_03,1,0,2,0,2300,1600
870,eat09_01,eat09_01,1,0,2,0,2300,1600
871,eat10_01,eat10_01,1,0,2,0,2300,1600
872,eat10_02,eat10_02,1,0,2,0,2300,1600
873,eat10_03,eat10_03,1,0,2,0,2300,1600
874,eat10_04,eat10_04,1,0,2,0,2300,1600
875,clap06,clap06,1,0,2,0,2300,1600
876,clap07,clap07,1,0,2,0,2300,1600
877,cheer08,cheer08,1,0,2,0,2300,1600
878,cheer09,cheer09,1,0,2,0,2300,1600
879,cheer10,cheer10,1,0,2,0,2300,1600
880,hello07,hello07,1,0,2,0,2300,1600
881,pose17,pose17,1,0,2,0,2300,1600
882,hello08,hello08,1,0,2,0,2300,1600
883,eartouch03,eartouch03,1,0,2,0,2300,1600
884,hungry04,hungry04,1,0,2,0,2300,1600
885,take03_01,take03_01,1,0,2,0,2300,1600
886,take03_02,take03_02,1,0,4,0,2300,1600
887,schoolbag01_01,schoolbag01_01,1,0,2,0,2300,1600
888,schoolbag01_02,schoolbag01_02,1,0,4,0,2300,1600
889,quiet05,quiet05,1,0,2,0,2300,1600
890,laugh09,laugh09,1,0,2,0,2300,1600
891,near11,near11,1,0,2,0,2300,1600
892,fight15,fight15,1,0,2,0,2300,1600
893,joy09,joy09,1,0,2,0,2300,1600
894,joy10,joy10,1,0,2,0,2300,1600
895,point14,point14,1,0,2,0,2300,1600
896,punch06,punch06,1,0,2,0,2300,1600
897,sitdown02,sitdown02,1,0,2,0,2300,1600
898,fish01,fish01,1,0,2,0,2300,1600
899,fish02_01,fish02_01,1,0,2,0,2300,1600
900,fish02_02,fish02_02,1,0,2,0,2300,1600
901,umbrella01,umbrella01,1,0,2,0,2300,1600
902,umbrella02,umbrella02,1,0,2,0,2300,1600
903,umbrella03,umbrella03,1,0,2,0,2300,1600
904,umbrella04,umbrella04,1,0,2,0,2300,1600
905,doll06_01,doll06_01,1,0,2,0,2300,1600
906,doll06_02,doll06_02,1,0,2,0,2300,1600
907,doll06_03,doll06_03,1,0,2,0,2300,1600
908,kuchiate06,kuchiate06,1,0,2,0,2300,1600
909,runin08,runin08,1,0,0,0,2300,1600
910,runin09,runin09,1,0,0,0,2300,1600
911,point15,point15,1,0,2,0,2300,1600
912,tired08,tired08,1,0,2,0,2300,1600
913,joke05,joke05,1,0,2,0,2300,1600
914,good04,good04,1,0,2,0,2300,1600
915,bow09,bow09,1,0,2,0,2300,1600
916,hello09,hello09,1,0,2,0,2300,1600
917,drinkhoneyA01,drinkhoneyA01,1,0,2,0,2300,1600
918,drinkhoneyA02,drinkhoneyA02,1,0,2,0,2300,1600
919,drinkhoneyA03,drinkhoneyA03,1,0,2,0,2300,1600
920,drinkhoneyB01,drinkhoneyB01,1,0,2,0,2300,1600
921,drinkhoneyB02,drinkhoneyB02,1,0,2,0,2300,1600
922,drinkhoneyB03,drinkhoneyB03,1,0,2,0,2300,1600
923,see15,see15,1,0,2,0,2300,1600
924,opera01,opera01,1,0,2,0,2300,1600
925,muneate11,muneate11,1,0,2,0,2300,1600
926,talk07_A,talk07_A,1,0,2,0,2300,1600
927,talk07_B,talk07_B,1,0,2,0,2300,1600
928,maintenance01,maintenance01,1,0,2,0,2300,1600
929,maintenance02,maintenance02,1,0,2,0,2300,1600
930,maintenance03,maintenance03,1,0,2,0,2300,1600
931,lip01,lip01,1,0,2,0,2300,1600
932,bow10,bow10,1,0,2,0,2300,1600
933,bow11,bow11,1,0,2,0,2300,1600
934,bow12,bow12,1,0,2,0,2300,1600
935,opera02,opera02,1,0,2,0,2300,1600
936,opera03,opera03,1,0,2,0,2300,1600
937,snap01,snap01,1,0,2,0,2300,1600
938,akire07,akire07,1,0,2,0,2300,1600
939,walkhello01,walkhello01,1,0,4,0,2300,1600
940,walkhello02,walkhello02,1,0,4,0,2300,1600
941,flower02,flower02,1,0,2,0,2300,1600
942,supporter01,supporter01,1,0,2,0,2300,1600
943,supporter02,supporter02,1,0,2,0,2300,1600
944,supporter03,supporter03,1,0,2,0,2300,1600
945,supporter04,supporter04,1,0,2,0,2300,1600
946,supporter05,supporter05,1,0,2,0,2300,1600
947,supporter06,supporter06,1,0,2,0,2300,1600
948,supporter07,supporter07,1,0,2,0,2300,1600
949,banzai02,banzai02,1,0,2,0,2300,1600
950,bag06_01,bag06_01,1,0,2,0,2300,1600
951,tekagami01,tekagami01,1,0,2,0,2300,1600
952,tekagami02,tekagami02,1,0,2,0,2300,1600
953,tekagami03,tekagami03,1,0,2,0,2300,1600
954,table_study03_01,table_study03_01,1,0,2,0,2300,1600
955,table_study03_02,table_study03_02,1,0,2,0,2300,1600
956,pair_dance01,pair_dance01,0,0,2,2,2300,1600
957,pair_dance02,pair_dance02,0,0,2,2,2300,1600
958,pair_near01,pair_near01,0,0,2,2,2300,1600
959,pair_picture01,pair_picture01,0,0,2,2,2300,1600
960,point16,point16,1,0,2,0,2300,1600
961,budo01,budo01,1,0,2,0,2300,1600
962,budo02,budo02,1,0,2,0,2300,1600
963,budo03,budo03,1,0,2,0,2300,1600
964,gun01_01,gun01_01,1,0,2,0,2300,1600
965,gun01_02,gun01_02,1,0,2,0,2300,1600
966,runaway01,runaway01,1,0,2,0,2300,1600
967,take02,take02,1,0,2,0,2300,1600
968,send09,send09,1,0,2,0,2300,1600
969,laugh10,laugh10,1,0,2,0,2300,1600
970,laugh11,laugh11,1,0,2,0,2300,1600
971,golf01_01,golf01_01,1,0,2,0,2300,1600
972,golf01_02,golf01_02,1,0,2,0,2300,1600
973,joke06,joke06,1,0,2,0,2300,1600
974,shock09,shock09,1,0,2,0,2300,1600
975,shock10,shock10,1,0,2,0,2300,1600
976,point17,point17,1,0,2,0,2300,1600
977,joke07,joke07,1,0,2,0,2300,1600
978,sitdown03,sitdown03,1,0,2,0,2300,1600
979,key01_01,key01_01,1,0,2,0,2300,1600
980,clock01_01,clock01_01,1,0,0,0,2300,1600
981,clock01_02,clock01_02,1,0,2,0,2300,1600
982,clock01_03,clock01_03,1,0,2,0,2300,1600
983,stretch25,stretch25,1,0,2,0,2300,1600
984,kabuki01,kabuki01,1,0,2,0,2300,1600
985,see16,see16,1,0,2,0,2300,1600
986,stomp02,stomp02,1,0,2,0,2300,1600
987,magic05,magic05,1,0,2,0,2300,1600
988,magic06,magic06,1,0,2,0,2300,1600
989,angry12,angry12,1,0,2,0,2300,1600
990,angry13,angry13,1,0,2,0,2300,1600
991,gatts08,gatts08,1,0,2,0,2300,1600
992,gatts09,gatts09,1,0,2,0,2300,1600
993,drinkcupA01,drinkcupA01,1,0,2,0,2300,1600
994,drinkcupA02,drinkcupA02,1,0,2,0,2300,1600
995,ikaku05,ikaku05,1,0,2,0,2300,1600
996,phonehello01,phonehello01,1,0,2,0,2300,1600
997,phonegood01,phonegood01,1,0,2,0,2300,1600
998,stone01_01,stone01_01,1,0,2,0,2300,1600
999,map01_01,map01_01,1,0,2,0,2300,1600
1000,map01_02,map01_02,1,0,2,0,2300,1600
1001,binder02_01,binder02_01,1,0,2,0,2300,1600
1002,binder02_02,binder02_02,1,0,2,0,2300,1600
1003,send10,send10,1,0,2,0,2300,1600
1004,book05_01,book05_01,1,0,2,0,2300,1600
1005,book05_02,book05_02,1,0,2,0,2300,1600
1006,typewrite04_01,typewrite04_01,1,0,2,0,2300,1600
1007,typewrite04_02,typewrite04_02,1,0,2,0,2300,1600
1008,angry14,angry14,1,0,2,0,2300,1600
1009,stretch26,stretch26,1,0,2,0,2300,1600
1010,gun02_01,gun02_01,1,0,2,0,2300,1600
1011,gun02_02,gun02_02,1,0,2,0,2300,1600
1012,gun03_01,gun03_01,1,0,2,0,2300,1600
1013,gun03_02,gun03_02,1,0,2,0,2300,1600
1014,magic04_01,magic04_01,1,0,2,0,2300,1600
1015,mic01,mic01,1,0,2,0,2300,1600
1016,disc01_01,disc01_01,1,0,2,0,2300,1600
1017,disc01_02,disc01_02,1,0,2,0,2300,1600
1018,danceunique01,danceunique01,1,0,2,0,2300,1600
1019,take04_01,take04_01,1,0,2,0,2300,1600
1020,take04_02,take04_02,1,0,2,0,2300,1600
1021,gun02_03,gun02_03,1,0,4,0,2300,1600
1022,gun03_03,gun03_03,1,0,4,0,2300,1600
1023,phoneshow01_01,phoneshow01_01,1,0,2,0,2300,1600
1024,drink01_01,drink01_01,1,0,2,0,2300,1600
1025,drink01_02,drink01_02,1,0,2,0,2300,1600
1026,drink02_01,drink02_01,1,0,2,0,2300,1600
1027,drink02_02,drink02_02,1,0,2,0,2300,1600
1028,drink03_01,drink03_01,1,0,2,0,2300,1600
1029,drink03_02,drink03_02,1,0,2,0,2300,1600
1030,present01_01,present01_01,1,0,2,0,2300,1600
1031,present02_01,present02_01,1,0,2,0,2300,1600
1032,present03_01,present03_01,1,0,2,0,2300,1600
1033,present04_01,present04_01,1,0,2,0,2300,1600
1034,take05,take05,1,0,2,0,2300,1600
1035,violin01_01,violin01_01,1,0,2,0,2300,1600
1036,violin01_02,violin01_02,1,0,2,0,2300,1600
1037,violin01_03,violin01_03,1,0,4,0,2300,1600
1038,board01,board01,1,0,2,0,2300,1600
1039,doll07_01,doll07_01,1,0,2,0,2300,1600
1040,doll07_02,doll07_02,1,0,2,0,2300,1600
1041,doll07_03,doll07_03,1,0,2,0,2300,1600
1042,doll07_04,doll07_04,1,0,2,0,2300,1600
1043,doll07_05,doll07_05,1,0,2,0,2300,1600
1044,doll07_06,doll07_06,1,0,2,0,2300,1600
1045,handsup04,handsup04,1,0,2,0,2300,1600
1046,peace05,peace05,1,0,2,0,2300,1600
1047,phoneselfie03_01,phoneselfie03_01,1,0,2,0,2300,1600
1048,phoneselfie03_02,phoneselfie03_02,1,0,2,0,2300,1600
1049,bag07,bag07,1,0,2,0,2300,1600
1050,letterlook03,letterlook03,1,0,2,0,2300,1600
1051,near12,near12,1,0,2,0,2300,1600
1052,think14,think14,1,0,2,0,2300,1600
1053,drinkcupA03_01,drinkcupA03_01,1,0,2,0,2300,1600
1054,drinkcupA03_02,drinkcupA03_02,1,0,2,0,2300,1600
1055,drinkcupA03_03,drinkcupA03_03,1,0,2,0,2300,1600
1056,shaker01_01,shaker01_01,1,0,2,0,2300,1600
1057,shaker01_02,shaker01_02,1,0,2,0,2300,1600
1058,gatts10,gatts10,1,0,2,0,2300,1600
1059,dance20,dance20,1,0,2,0,2300,1600
1060,stretch27,stretch27,1,0,2,0,2300,1600
1061,tradition01,tradition01,1,0,2,0,2300,1600
1062,tradition02,tradition02,1,0,2,0,2300,1600
1063,tradition03,tradition03,1,0,2,0,2300,1600
1064,tradition04,tradition04,1,0,4,0,2300,1600
1065,book01_01,book01_01,1,0,2,0,2300,1600
1066,bow13,bow13,1,0,2,0,2300,1600
1067,laugh12,laugh12,1,0,2,0,2300,1600
1068,cointoss01_01,cointoss01_01,1,0,2,0,2300,1600
1069,cointoss01_02,cointoss01_02,1,0,2,0,2300,1600
1070,cointoss01_03,cointoss01_03,1,0,2,0,2300,1600
1071,cointoss01_04,cointoss01_04,1,0,0,0,2300,1600
1072,take06_01,take06_01,1,0,2,0,2300,1600
1073,take06_02,take06_02,1,0,2,0,2300,1600
1074,cellphone01_01,cellphone01_01,1,0,2,0,2300,1600
1075,cellphone01_02,cellphone01_02,1,0,2,0,2300,1600
1076,cellphone01_03,cellphone01_03,1,0,2,0,2300,1600
1077,drinkglassA01_01,drinkglassA01_01,1,0,2,0,2300,1600
1078,drinkglassA01_02,drinkglassA01_02,1,0,2,0,2300,1600
1079,hopeunique01,hopeunique01,1,0,2,0,2300,1600
1080,walkbook01,walkbook01,1,0,4,0,2300,1600
1081,walkbook02,walkbook02,1,0,4,0,2300,1600
1082,walkbook03,walkbook03,1,0,4,0,2300,1600
1083,bookwrite01_01,bookwrite01_01,1,0,2,0,2300,1600
1084,bookwrite01_02,bookwrite01_02,1,0,2,0,2300,1600
1085,lantern01_01,lantern01_01,1,0,2,0,2300,1600
1086,takerun01,takerun01,1,0,2,0,2300,1600
1087,tekagami04_01,tekagami04_01,1,0,2,0,2300,1600
1088,cracker01_01,cracker01_01,1,0,2,0,2300,1600
1089,cracker01_02,cracker01_02,1,0,2,0,2300,1600
1090,cracker01_03,cracker01_03,1,0,2,0,2300,1600
1091,present_up03,present_up03,1,0,2,0,2300,1600
1092,push04,push04,1,0,2,0,2300,1600
1093,laugh13,laugh13,1,0,2,0,2300,1600
1094,phonehope01,phonehope01,1,0,2,0,2300,1600
1095,dance_glu01,dance_glu01,1,0,2,0,2300,1600
1096,dance_glu02,dance_glu02,1,0,4,0,2300,1600
1097,book05_03,book05_03,1,0,2,0,2300,1600
1098,walk04,walk04,1,0,4,0,2300,1600
1099,sad04,sad04,1,0,2,0,2300,1600
1100,surprise15,surprise15,1,0,2,0,2300,1600
1101,shy10,shy10,1,0,2,0,2300,1600
1102,check13,check13,1,0,2,0,2300,1600
1103,bow14,bow14,1,0,2,0,2300,1600
1104,phonepicture01_01,phonepicture01_01,1,0,2,0,2300,1600
1105,phonepicture02_01,phonepicture02_01,1,0,2,0,2300,1600
1106,laugh14,laugh14,1,0,2,0,2300,1600
1107,sword01,sword01,1,0,2,0,2300,1600
1108,guard06,guard06,1,0,2,0,2300,1600
1109,takewalk01,takewalk01,1,0,4,0,2300,1600
1110,walk05,walk05,1,0,4,0,2300,1600
1111,card02_01,card02_01,1,0,2,0,2300,1600
1112,card02_02,card02_02,1,0,2,0,2300,1600
1113,fruits01_01,fruits01_01,1,0,2,0,2300,1600
1114,fruits01_02,fruits01_02,1,0,4,0,2300,1600
1115,dance21,dance21,1,0,2,0,2300,1600
1116,tired09,tired09,1,0,2,0,2300,1600
1117,cane01_01,cane01_01,1,0,4,0,2300,1600
1118,walkcane01_01,walkcane01_01,1,0,4,0,2300,1600
1119,walkcane01_02,walkcane01_02,1,0,0,0,2300,1600
1120,walkcane01_03,walkcane01_03,1,0,0,0,2300,1600
1121,tekagami04_02,tekagami04_02,1,0,2,0,2300,1600
1122,sing06,sing06,1,0,2,0,2300,1600
1123,sing07,sing07,1,0,2,0,2300,1600
1124,teacup01_01,teacup01_01,1,0,2,0,2300,1600
1125,teacup01_02,teacup01_02,1,0,2,0,2300,1600
1126,drinkmugB03_01,drinkmugB03_01,1,0,2,0,2300,1600
1127,serving01_01,serving01_01,1,0,2,0,2300,1600
1128,serving01_02,serving01_02,1,0,2,0,2300,1600
1129,serving02,serving02,1,0,2,0,2300,1600
1130,cook04_01,cook04_01,1,0,2,0,2300,1600
1131,phonelook05_01,phonelook05_01,1,0,4,0,2300,1600
1132,runcome01,runcome01,1,0,0,0,2300,1600
1133,pain08,pain08,1,0,2,0,2300,1600
1134,run09,run09,1,0,4,0,2300,1600
1135,puppet01_01,puppet01_01,1,0,2,0,2300,1600
1136,puppet01_02,puppet01_02,1,0,2,0,2300,1600
1137,joke08,joke08,1,0,2,0,2300,1600
1138,come06,come06,1,0,2,0,2300,1600
1139,throw01,throw01,1,0,2,0,2300,1600
1140,gameplay01_01,gameplay01_01,1,0,2,0,2300,1600
1141,gameplay01_02,gameplay01_02,1,0,2,0,2300,1600
1142,gameplay01_03,gameplay01_03,1,0,2,0,2300,1600
1143,gameplay01_04,gameplay01_04,1,0,2,0,2300,1600
1144,moonwalk01_01,moonwalk01_01,1,0,2,0,2300,1600
1145,moonwalk01_02,moonwalk01_02,1,0,0,0,2300,1600
1146,tired10,tired10,1,0,2,0,2300,1600
1147,think15,think15,1,0,2,0,2300,1600
1148,breath01,breath01,1,0,2,0,2300,1600
1149,ikaku06,ikaku06,1,0,2,0,2300,1600
1150,walk06,walk06,1,0,4,0,2300,1600
1151,training01,training01,1,0,2,0,2300,1600
1152,dance_wts01,dance_wts01,1,0,2,0,2300,1600
1153,teacup01_03,teacup01_03,1,0,2,0,2300,1600
1154,umbrella05_01,umbrella05_01,1,0,2,0,2300,1600
1155,umbrella05_02,umbrella05_02,1,0,2,0,2300,1600
1156,fan01_01,fan01_01,1,0,2,0,2300,1600
1157,fan01_02,fan01_02,1,0,2,0,2300,1600
1158,jumprope01_01,jumprope01_01,1,0,2,0,2300,1600
1159,jumprope01_02,jumprope01_02,1,0,2,0,2300,1600
1160,jumprope01_03,jumprope01_03,1,0,2,0,2300,1600
1161,muscle03_01,muscle03_01,1,0,2,0,2300,1600
1162,muscle03_02,muscle03_02,1,0,2,0,2300,1600
1163,binder02_03,binder02_03,1,0,2,0,2300,1600
1164,drinkglassB01_01,drinkglassB01_01,1,0,2,0,2300,1600
1165,drinkglassB01_02,drinkglassB01_02,1,0,2,0,2300,1600
1166,send11,send11,1,0,2,0,2300,1600
1167,dance_hold01_01,dance_hold01_01,1,0,2,0,2300,1600
1168,dance_hold01_02,dance_hold01_02,1,0,2,0,2300,1600
1169,dance_hold02_01,dance_hold02_01,1,0,2,0,2300,1600
1170,dance_hold02_02,dance_hold02_02,1,0,2,0,2300,1600
1171,dance_ballet01_01,dance_ballet01_01,1,0,2,0,2300,1600
1172,dance_ballet01_02,dance_ballet01_02,1,0,2,0,2300,1600
1173,walkunique04,walkunique04,1,0,4,0,2300,1600
1174,request03,request03,1,0,2,0,2300,1600
1175,pain09,pain09,1,0,2,0,2300,1600
1176,icing01_01,icing01_01,1,0,2,0,2300,1600
1177,icing01_02,icing01_02,1,0,2,0,2300,1600
1178,icing01_03,icing01_03,1,0,2,0,2300,1600
1179,check14,check14,1,0,2,0,2300,1600
1180,point18,point18,1,0,2,0,2300,1600
1181,eat14_01,eat14_01,1,0,2,0,2300,1600
1182,eat14_02,eat14_02,1,0,2,0,2300,1600
1183,ball01_01,ball01_01,1,0,2,0,2300,1600
1184,ball01_02,ball01_02,1,0,2,0,2300,1600
1185,ball01_03,ball01_03,1,0,2,0,2300,1600
1186,maracas01_01,maracas01_01,1,0,2,0,2300,1600
1187,maracas01_02,maracas01_02,1,0,2,0,2300,1600
1188,maracas01_03,maracas01_03,1,0,2,0,2300,1600
1189,topin02,topin02,1,0,2,0,2300,1600
1190,hello02_01,hello02_01,1,0,2,0,2300,1600
1191,pair_dance03,pair_dance03,0,0,2,2,2300,1600
1192,eatbase01_01,eatbase01_01,1,0,2,0,2300,1600
1193,advice05,advice05,1,0,2,0,2300,1600
1194,stretch02_01,stretch02_01,1,0,2,0,2300,1600
1195,stretch03_01,stretch03_01,1,0,2,0,2300,1600
1196,stretch05_01,stretch05_01,1,0,2,0,2300,1600
1197,sleep04_01,sleep04_01,1,0,2,0,2300,1600
1198,sleep05_01,sleep05_01,1,0,2,0,2300,1600
1199,run10,run10,0,0,4,0,2300,1600
1200,ball01_04,ball01_04,1,0,0,0,2300,1600
1201,ball01_05,ball01_05,1,0,2,0,2300,1600
1202,ball01_06,ball01_06,1,0,2,0,2300,1600
1203,laugh15,laugh15,1,0,2,0,2300,1600
1204,laugh16,laugh16,1,0,2,0,2300,1600
1205,wood01_01,wood01_01,1,0,2,0,2300,1600
1206,hammer01_01,hammer01_01,1,0,2,0,2300,1600
1207,drinkglassA02_01,drinkglassA02_01,1,0,2,0,2300,1600
1208,drinkglassA02_02,drinkglassA02_02,1,0,2,0,2300,1600
1209,drinkglassA02_03,drinkglassA02_03,1,0,2,0,2300,1600
1210,chuni01,chuni01,1,0,2,0,2300,1600
1211,chuni02,chuni02,1,0,2,0,2300,1600
1212,chuni03,chuni03,1,0,2,0,2300,1600
1213,chuni04,chuni04,1,0,2,0,2300,1600
1214,chuni05,chuni05,1,0,2,0,2300,1600
1215,chuni06,chuni06,1,0,2,0,2300,1600
1216,chuni07,chuni07,1,0,2,0,2300,1600
1217,shy11,shy11,1,0,2,0,2300,1600
1218,hello10,hello10,1,0,2,0,2300,1600
1219,tired11,tired11,1,0,2,0,2300,1600
1220,run11,run11,1,0,4,0,2300,1600
1221,walkunique05,walkunique05,1,0,4,0,2300,1600
1222,joy11,joy11,1,0,2,0,2300,1600
1223,tired12,tired12,1,0,2,0,2300,1600
1224,point19,point19,1,0,2,0,2300,1600
1225,sudachi07,sudachi07,1,0,2,0,2300,1600
1226,think16,think16,1,0,2,0,2300,1600
1227,camera01,camera01,1,0,2,0,2300,1600
1228,hope11,hope11,1,0,2,0,2300,1600
1229,cry15,cry15,1,0,2,0,2300,1600
1230,icecream01_01,icecream01_01,1,0,2,0,2300,1600
1231,icecream01_02,icecream01_02,1,0,0,0,2300,1600
1232,sorry05,sorry05,1,0,2,0,2300,1600
1233,point20,point20,1,0,2,0,2300,1600
1234,joy12,joy12,1,0,2,0,2300,1600
1235,billiards01_01,billiards01_01,1,0,2,0,2300,1600
1236,billiards01_02,billiards01_02,1,0,2,0,2300,1600
1237,billiards02_01,billiards02_01,1,0,2,0,2300,1600
1238,billiards02_02,billiards02_02,1,0,2,0,2300,1600
1239,supporter08,supporter08,1,0,2,0,2300,1600
1240,run12,run12,1,0,4,0,2300,1600
1241,take07_01,take07_01,1,0,2,0,2300,1600
1242,take07_02,take07_02,1,0,2,0,2300,1600
1243,trophy01_01,trophy01_01,1,0,2,0,2300,1600
1244,trophy01_02,trophy01_02,1,0,2,0,2300,1600
1245,gameplay02_01,gameplay02_01,1,0,2,0,2300,1600
1246,gameplay02_02,gameplay02_02,1,0,2,0,2300,1600
1247,gameplay02_03,gameplay02_03,1,0,2,0,2300,1600
1248,brush05,brush05,1,0,2,0,2300,1600
1249,diarywrite03_01,diarywrite03_01,1,0,2,0,2300,1600
1250,bookhand01,bookhand01,1,0,2,0,2300,1600
1251,see17,see17,1,0,2,0,2300,1600
1252,gun02_04,gun02_04,1,0,2,0,2300,1600
1253,walk07,walk07,1,0,2,0,2300,1600
1254,eat07_01,eat07_01,1,0,4,0,2300,1600
1255,sad05,sad05,1,0,2,0,2300,1600
1256,soccer01_01,soccer01_01,1,0,2,0,2300,1600
1257,soccer01_02,soccer01_02,1,0,2,0,2300,1600
1258,soccer02,soccer02,1,0,2,0,2300,1600
1259,piano01_01,piano01_01,1,0,2,0,2300,1600
1260,piano01_02,piano01_02,1,0,2,0,2300,1600
1261,piano01_03,piano01_03,1,0,2,0,2300,1600
1262,draw01_01,draw01_01,1,0,2,0,2300,1600
1263,draw01_02,draw01_02,1,0,2,0,2300,1600
1264,draw01_03,draw01_03,1,0,2,0,2300,1600
1265,joke09,joke09,1,0,2,0,2300,1600
1266,dance_tco01,dance_tco01,1,0,2,0,2300,1600
1267,dance_tco02,dance_tco02,1,0,2,0,2300,1600
1268,dance_tco03,dance_tco03,1,0,2,0,2300,1600
1269,near13,near13,1,0,2,0,2300,1600
1270,near14_01,near14_01,1,0,2,0,2300,1600
1271,near14_02,near14_02,1,0,2,0,2300,1600
1272,near15,near15,1,0,2,0,2300,1600
1273,take08_01,take08_01,1,0,2,0,2300,1600
1274,book06_01,book06_01,1,0,2,0,2300,1600
1275,book06_02,book06_02,1,0,2,0,2300,1600
1276,book06_03,book06_03,1,0,2,0,2300,1600
1277,diarywrite03_02,diarywrite03_02,1,0,2,0,2300,1600
1278,walkclap01,walkclap01,1,0,4,0,2300,1600
1279,walkclap02,walkclap02,1,0,4,0,2300,1600
1280,walkdiary01,walkdiary01,1,0,4,0,2300,1600
1281,pair_near02,pair_near02,0,0,2,2,2300,1600
1282,opera04,opera04,1,0,2,0,2300,1600
1283,opera05,opera05,1,0,2,0,2300,1600
1284,opera06,opera06,1,0,2,0,2300,1600
1285,sad06,sad06,1,0,2,0,2300,1600
1286,chuni08,chuni08,1,0,2,0,2300,1600
1287,snap02,snap02,1,0,2,0,2300,1600
1288,speech05,speech05,1,0,2,0,2300,1600
1289,angry15,angry15,1,0,2,0,2300,1600
1290,draw02_01,draw02_01,1,0,2,0,2300,1600
1291,draw02_02,draw02_02,1,0,2,0,2300,1600
1292,draw02_03,draw02_03,1,0,2,0,2300,1600
1293,tradition05,tradition05,1,0,2,0,2300,1600
1294,tradition06,tradition06,1,0,2,0,2300,1600
1295,tradition07_01,tradition07_01,1,0,2,0,2300,1600
1296,tradition07_02,tradition07_02,1,0,0,0,2300,1600
1297,tradition07_03,tradition07_03,1,0,4,0,2300,1600
1298,tradition08_01,tradition08_01,1,0,2,0,2300,1600
1299,tradition08_02,tradition08_02,1,0,2,0,2300,1600
1300,tradition08_03,tradition08_03,1,0,0,0,2300,1600
1301,tradition08_04,tradition08_04,1,0,2,0,2300,1600
1302,sword02,sword02,1,0,2,0,2300,1600
1303,sitdown04,sitdown04,1,0,2,0,2300,1600
1304,pain10,pain10,1,0,2,0,2300,1600
1305,gun01_03,gun01_03,1,0,2,0,2300,1600
1306,takewalk02,takewalk02,1,0,4,0,2300,1600
1307,takepoint01,takepoint01,1,0,2,0,2300,1600
1308,takerun02,takerun02,1,0,4,0,2300,1600
1309,crush01,crush01,1,0,2,0,2300,1600
1310,punch07,punch07,1,0,2,0,2300,1600
1311,akire08,akire08,1,0,2,0,2300,1600
1312,snap03,snap03,1,0,2,0,2300,1600
1313,ng09,ng09,1,0,2,0,2300,1600
1314,concertina01_01,concertina01_01,1,0,2,0,2300,1600
1315,concertina01_02,concertina01_02,1,0,2,0,2300,1600
1316,baseball01_01,baseball01_01,1,0,2,0,2300,1600
1317,baseball01_02,baseball01_02,1,0,2,0,2300,1600
1318,baseball01_03,baseball01_03,1,0,2,0,2300,1600
1319,tapdance02,tapdance02,1,0,2,0,2300,1600
1320,tapdance03,tapdance03,1,0,2,0,2300,1600
1321,tapdance04,tapdance04,1,0,0,0,2300,1600
1322,video01_01,video01_01,1,0,2,0,2300,1600
1323,video01_02,video01_02,1,0,2,0,2300,1600
1324,letterlook04_01,letterlook04_01,1,0,2,0,2300,1600
1325,takesnap01,takesnap01,1,0,2,0,2300,1600
1326,paper03_01,paper03_01,1,0,2,0,2300,1600
1327,paper03_02,paper03_02,1,0,2,0,2300,1600
1328,point21,point21,1,0,2,0,2300,1600
1329,shake07,shake07,1,0,2,0,2300,1600
1330,volleyball01_01,volleyball01_01,1,0,2,0,2300,1600
1331,arrow01_01,arrow01_01,1,0,2,0,2300,1600
1332,arrow01_02,arrow01_02,1,0,2,0,2300,1600
1333,arrow01_03,arrow01_03,1,0,2,0,2300,1600
1334,budo04,budo04,1,0,2,0,2300,1600
1335,fencing01_01,fencing01_01,1,0,2,0,2300,1600
1336,fencing01_02,fencing01_02,1,0,2,0,2300,1600
1337,point22,point22,1,0,2,0,2300,1600
1338,clap08,clap08,1,0,2,0,2300,1600
1339,sleep06,sleep06,1,0,2,0,2300,1600
1340,near16,near16,1,0,2,0,2300,1600
1341,stretch28,stretch28,1,0,2,0,2300,1600
1342,check15,check15,1,0,2,0,2300,1600
1344,gatts11,gatts11,1,0,2,0,2300,1600
1345,stretch29,stretch29,1,0,2,0,2300,1600
1346,sneeze02,sneeze02,1,0,2,0,2300,1600
1347,magic07_01,magic07_01,1,0,2,0,2300,1600
1348,magic07_02,magic07_02,1,0,2,0,2300,1600
1349,point23,point23,1,0,2,0,2300,1600
1350,concertina01_03,concertina01_03,1,0,2,0,2300,1600
1351,sign01_01,sign01_01,1,0,2,0,2300,1600
1352,sign01_02,sign01_02,1,0,2,0,2300,1600
1353,maracas01_04,maracas01_04,1,0,2,0,2300,1600
1354,maracas01_05,maracas01_05,1,0,2,0,2300,1600
1355,run13,run13,1,0,4,0,2300,1600
1356,peace06,peace06,1,0,2,0,2300,1600
1357,walkunique06,walkunique06,1,0,2,0,2300,1600
1358,walkunique07,walkunique07,1,0,2,0,2300,1600
1359,walkunique08,walkunique08,1,0,2,0,2300,1600
1360,run14,run14,1,0,0,0,2300,1600
1361,basketball01_01,basketball01_01,1,0,2,0,2300,1600
1362,basketball01_02,basketball01_02,1,0,2,0,2300,1600
1363,basketball01_03,basketball01_03,1,0,2,0,2300,1600
1364,basketball01_04,basketball01_04,1,0,2,0,2300,1600
1365,basketball01_05,basketball01_05,1,0,2,0,2300,1600
1366,basketball02,basketball02,1,0,2,0,2300,1600
1367,laugh17,laugh17,1,0,2,0,2300,1600
1368,shy12,shy12,1,0,2,0,2300,1600
1369,near17,near17,1,0,2,0,2300,1600
1370,banzai03,banzai03,1,0,2,0,2300,1600
1371,laugh18,laugh18,1,0,2,0,2300,1600
1372,walkunique09,walkunique09,1,0,4,0,2300,1600
1373,mask01_01,mask01_01,1,0,2,0,2300,1600
1374,mask01_02,mask01_02,1,0,2,0,2300,1600
1375,carrotman01,carrotman01,1,0,2,0,2300,1600
1376,carrotman02,carrotman02,1,0,2,0,2300,1600
1377,pair_oh01_01,pair_oh01_01,0,0,2,2,2300,1600
1378,pair_oh01_02,pair_oh01_02,0,0,2,2,2300,1600
1379,pair_oh02,pair_oh02,1,0,2,2,2300,1600
1380,rundown01,rundown01,1,0,0,0,2300,1600
1381,teacup02_01,teacup02_01,1,0,2,0,2300,1600
1382,teacup02_02,teacup02_02,1,0,2,0,2300,1600
1383,present07_01,present07_01,1,0,2,0,2300,1600
1384,present07_02,present07_02,1,0,2,0,2300,1600
1385,present07_03,present07_03,1,0,2,0,2300,1600
1386,mic02,mic02,1,0,2,0,2300,1600
1387,mic03,mic03,1,0,2,0,2300,1600
1388,mic04,mic04,1,0,2,0,2300,1600
1389,mic05,mic05,1,0,2,0,2300,1600
1390,walkunique10,walkunique10,1,0,4,0,2300,1600
1391,crush02_01,crush02_01,1,0,2,0,2300,1600
1392,crush02_02,crush02_02,1,0,2,0,2300,1600
1393,crush02_03,crush02_03,1,0,2,0,2300,1600
1394,crush02_04,crush02_04,1,0,2,0,2300,1600
1395,crush03,crush03,1,0,2,0,2300,1600
1396,guard07,guard07,1,0,2,0,2300,1600
1397,throw02,throw02,1,0,2,0,2300,1600
1398,acrobat01,acrobat01,1,0,0,0,2300,1600
1399,softball01_01,softball01_01,1,0,2,0,2300,1600
1400,softball01_02,softball01_02,1,0,2,0,2300,1600
1401,sumo01_01,sumo01_01,1,0,2,0,2300,1600
1402,sumo01_02,sumo01_02,1,0,0,0,2300,1600
1403,sumo01_03,sumo01_03,1,0,2,0,2300,1600
1404,eat16_03,eat16_03,1,0,2,0,2300,1600
1405,joy13,joy13,1,0,2,0,2300,1600
1406,icecream02_01,icecream02_01,1,0,2,0,2300,1600
1407,icecream02_02,icecream02_02,1,0,2,0,2300,1600
1408,camera02_01,camera02_01,1,0,2,0,2300,1600
1409,camera02_02,camera02_02,1,0,2,0,2300,1600
1410,tablet05_01,tablet05_01,1,0,2,0,2300,1600
1411,tablet05_02,tablet05_02,1,0,2,0,2300,1600
1412,shy13,shy13,1,0,2,0,2300,1600
1413,catch01,catch01,1,0,2,0,2300,1600
1414,send12,send12,1,0,2,0,2300,1600
1415,jivedance01_01,jivedance01_01,1,0,2,0,2300,1600
1416,jivedance01_02,jivedance01_02,1,0,2,0,2300,1600
1417,jivedance02_01,jivedance02_01,1,0,2,0,2300,1600
1418,jivedance02_02,jivedance02_02,1,0,2,0,2300,1600
1419,eat18_01,eat18_01,1,0,2,0,2300,1600
1420,eat18_02,eat18_02,1,0,2,0,2300,1600
1421,eat18_03,eat18_03,1,0,2,0,2300,1600
1422,farm01_01,farm01_01,1,0,2,0,2300,1600
1423,farm01_02,farm01_02,1,0,2,0,2300,1600
1424,farm02_01,farm02_01,1,0,2,0,2300,1600
1425,farm02_02,farm02_02,1,0,2,0,2300,1600
1426,pair_touch01,pair_touch01,0,0,2,2,2300,1600
1427,pair_touch02,pair_touch02,0,0,2,2,2300,1600
1428,think17_01,think17_01,1,0,2,0,2300,1600
1429,think17_02,think17_02,1,0,2,0,2300,1600
1430,hope12,hope12,1,0,2,0,2300,1600
1431,cry16,cry16,1,0,2,0,2300,1600
1432,shout01,shout01,1,0,2,0,2300,1600
1433,drink11_01,drink11_01,1,0,2,0,2300,1600
1434,drink11_02,drink11_02,1,0,2,0,2300,1600
1435,drink11_03,drink11_03,1,0,2,0,2300,1600
1436,runout09,runout09,1,0,0,0,2300,1600
1437,flower03,flower03,1,0,2,0,2300,1600
1438,typewrite05_01,typewrite05_01,1,0,2,0,2300,1600
1439,turn08,turn08,1,0,0,0,2300,1600
1440,send13,send13,1,0,2,0,2300,1600
1441,present06_01,present06_01,1,0,2,0,2300,1600
1442,violin01_04,violin01_04,1,0,2,0,2300,1600
1443,violin01_05,violin01_05,1,0,2,0,2300,1600
1444,sword03_01,sword03_01,1,0,2,0,2300,1600
1445,sword03_02,sword03_02,1,0,2,0,2300,1600
1446,sword03_03,sword03_03,1,0,2,0,2300,1600
1447,sword03_04,sword03_04,1,0,2,0,2300,1600
1448,sword03_05,sword03_05,1,0,2,0,2300,1600
1449,sword03_06,sword03_06,1,0,2,0,2300,1600
1450,sword03_07,sword03_07,1,0,2,0,2300,1600
1451,fruits02_01,fruits02_01,1,0,2,0,2300,1600
1452,fruits02_02,fruits02_02,1,0,2,0,2300,1600
1453,fruits02_03,fruits02_03,1,0,2,0,2300,1600
1454,knife01_01,knife01_01,1,0,2,0,2300,1600
1455,ninja01,ninja01,1,0,2,0,2300,1600
1456,ninja02,ninja02,1,0,2,0,2300,1600
1457,bow15,bow15,1,0,2,0,2300,1600
1458,fall04,fall04,1,0,0,0,2300,1600
1459,run15,run15,1,0,2,0,2300,1600
1460,sword04,sword04,1,0,2,0,2300,1600
1461,perfume01_01,perfume01_01,1,0,2,0,2300,1600
1462,perfume01_02,perfume01_02,1,0,2,0,2300,1600
1463,perfume01_03,perfume01_03,1,0,2,0,2300,1600
1464,cloth01_01,cloth01_01,1,0,2,0,2300,1600
1465,cloth01_02,cloth01_02,1,0,2,0,2300,1600
1469,experiment01,experiment01,1,0,2,0,2300,1600
1470,pain11,pain11,1,0,2,0,2300,1600
1471,scared01,scared01,1,0,4,0,2300,1600
1472,scared02,scared02,1,0,2,0,2300,1600
1473,card01_02,card01_02,1,0,2,0,2300,1600
1474,sori01,sori01,1,0,4,0,2300,1600
1475,sori02,sori02,1,0,4,0,2300,1600
1476,budo05,budo05,1,0,2,0,2300,1600
1477,perfume01_04,perfume01_04,1,0,2,0,2300,1600
1478,umbrella06_01,umbrella06_01,1,0,2,0,2300,1600
1479,umbrella06_02,umbrella06_02,1,0,2,0,2300,1600
1480,umbrella06_03,umbrella06_03,1,0,2,0,2300,1600
1481,bag08_01,bag08_01,1,0,2,0,2300,1600
1482,bag08_02,bag08_02,1,0,2,0,2300,1600
1483,send14,send14,1,0,2,0,2300,1600
1484,paper04,paper04,1,0,2,0,2300,1600
1485,laugh19,laugh19,1,0,2,0,2300,1600
1486,laugh20,laugh20,1,0,2,0,2300,1600
1487,sitdown05,sitdown05,1,0,2,0,2300,1600
1488,set03,set03,1,0,2,0,2300,1600
1489,point24,point24,1,0,2,0,2300,1600
1490,sword05_01,sword05_01,1,0,2,0,2300,1600
1491,sword05_02,sword05_02,1,0,2,0,2300,1600
1492,runin10,runin10,1,0,2,0,2300,1600
1493,pain12,pain12,1,0,2,0,2300,1600
1494,pain13,pain13,1,0,2,0,2300,1600
1495,sitdown06,sitdown06,1,0,2,0,2300,1600
1496,sitdown07,sitdown07,1,0,2,0,2300,1600
1497,step02,step02,1,0,2,0,2300,1600
1498,hello11,hello11,1,0,2,0,2300,1600
1499,tired13_01,tired13_01,1,0,2,0,2300,1600
1500,tired13_02,tired13_02,1,0,2,0,2300,1600
1501,eat19_01,eat19_01,1,0,2,0,2300,1600
1502,eat19_02,eat19_02,1,0,2,0,2300,1600
1503,see18_01,see18_01,1,0,2,0,2300,1600
1504,see18_02,see18_02,1,0,2,0,2300,1600
1505,joy14,joy14,1,0,2,0,2300,1600
1506,laugh21,laugh21,1,0,2,0,2300,1600
1507,gatts12,gatts12,1,0,2,0,2300,1600
1508,guard08,guard08,1,0,2,0,2300,1600
1509,surprise17,surprise17,1,0,2,0,2300,1600
1510,think18,think18,1,0,2,0,2300,1600
1511,runin11,runin11,1,0,0,0,2300,1600
1512,point25,point25,1,0,2,0,2300,1600
1513,cry17,cry17,1,0,2,0,2300,1600
1514,shovel01_01,shovel01_01,1,0,2,0,2300,1600
1515,shovel01_02,shovel01_02,1,0,2,0,2300,1600
1516,shovel01_03,shovel01_03,1,0,4,0,2300,1600
1517,flag01,flag01,1,0,2,0,2300,1600
1518,gatts13,gatts13,1,0,2,0,2300,1600
1519,magic08,magic08,1,0,2,0,2300,1600
1520,broom01_01,broom01_01,1,0,2,0,2300,1600
1521,broom01_02,broom01_02,1,0,2,0,2300,1600
1522,fish03,fish03,1,0,2,0,2300,1600
1524,take09_01,take09_01,1,0,2,0,2300,1600
1525,take10_01,take10_01,1,0,2,0,2300,1600
1526,take11_01,take11_01,1,0,2,0,2300,1600
1527,eat20_01,eat20_01,1,0,2,0,2300,1600
1528,eat20_02,eat20_02,1,0,2,0,2300,1600
1529,eat20_03,eat20_03,1,0,4,0,2300,1600
1530,stretch30,stretch30,1,0,2,0,2300,1600
1531,pain14,pain14,1,0,2,0,2300,1600
1532,point26,point26,1,0,2,0,2300,1600
1533,paper05_01,paper05_01,1,0,2,0,2300,1600
1534,paper05_02,paper05_02,1,0,2,0,2300,1600
1535,guard09,guard09,1,0,2,0,2300,1600
1536,dance_tiz01,dance_tiz01,1,0,0,0,2300,1600
1537,dance_tiz02,dance_tiz02,1,0,2,0,2300,1600
1538,eat21_01,eat21_01,1,0,2,0,2300,1600
1539,eat21_02,eat21_02,1,0,2,0,2300,1600
1540,eat21_03,eat21_03,1,0,2,0,2300,1600
1541,take09_02,take09_02,1,0,2,0,2300,1600
1542,take12_01,take12_01,1,0,2,0,2300,1600
1543,send15,send15,1,0,2,0,2300,1600
1544,tablet06,tablet06,1,0,2,0,2300,1600
1545,crush04_01,crush04_01,1,0,2,0,2300,1600
1546,crush04_02,crush04_02,1,0,2,0,2300,1600
1547,crush04_03,crush04_03,1,0,2,0,2300,1600
1548,ball02,ball02,1,0,0,0,2300,1600
1549,throw03,throw03,1,0,2,0,2300,1600
1550,expander01,expander01,1,0,2,0,2300,1600
1551,expander02,expander02,1,0,2,0,2300,1600
1552,expander03,expander03,1,0,2,0,2300,1600
1553,expander04,expander04,1,0,2,0,2300,1600
1554,drinkcupA04_01,drinkcupA04_01,1,0,2,0,2300,1600
1555,hammer01_03,hammer01_03,1,0,2,0,2300,1600
1556,sword05_03,sword05_03,1,0,2,0,2300,1600
1557,sword05_04,sword05_04,1,0,2,0,2300,1600
1558,sword05_05,sword05_05,1,0,2,0,2300,1600
1559,sword05_06,sword05_06,1,0,2,0,2300,1600
1560,snap04,snap04,1,0,2,0,2300,1600
1561,send16,send16,1,0,2,0,2300,1600
1562,robotdance01,robotdance01,1,0,2,0,2300,1600
1563,robotdance02,robotdance02,1,0,4,0,2300,1600
1564,chuni09,chuni09,1,0,2,0,2300,1600
1565,chuni10,chuni10,1,0,2,0,2300,1600
1566,darts01,darts01,1,0,2,0,2300,1600
1567,darts02,darts02,1,0,2,0,2300,1600
1568,darts03,darts03,1,0,2,0,2300,1600
1569,darts04,darts04,1,0,2,0,2300,1600
1570,cough01,cough01,1,0,2,0,2300,1600
1571,akire09,akire09,1,0,2,0,2300,1600
1572,cook02_03,cook02_03,1,0,2,0,2300,1600
1573,run16,run16,1,0,4,0,2300,1600
1574,stretch31,stretch31,1,0,2,0,2300,1600
1575,clap09_01,clap09_01,1,0,2,0,2300,1600
1576,clap09_02,clap09_02,1,0,2,0,2300,1600
1577,take03_03,take03_03,1,0,4,0,2300,1600
1578,bow16,bow16,1,0,2,0,2300,1600
1579,send17,send17,1,0,2,0,2300,1600
1580,onbu01,onbu01,1,0,2,0,2300,1600
1581,guitar01_01,guitar01_01,1,0,2,0,2300,1600
1582,guitar01_02,guitar01_02,1,0,2,0,2300,1600
1583,guitar01_03,guitar01_03,1,0,2,0,2300,1600
1584,guitar01_04,guitar01_04,1,0,2,0,2300,1600
1585,guitar01_05,guitar01_05,1,0,2,0,2300,1600
1586,guitar01_06,guitar01_06,1,0,2,0,2300,1600
1587,guitar02_01,guitar02_01,1,0,2,0,2300,1600
1588,guitar02_02,guitar02_02,1,0,2,0,2300,1600
1589,guitar02_03,guitar02_03,1,0,2,0,2300,1600
1590,guitar02_04,guitar02_04,1,0,2,0,2300,1600
1591,guitar02_05,guitar02_05,1,0,2,0,2300,1600
1592,guitar02_06,guitar02_06,1,0,0,0,2300,1600
1593,drum01_01,drum01_01,1,0,2,0,2300,1600
1594,drum01_02,drum01_02,1,0,2,0,2300,1600
1595,muscle03_03,muscle03_03,1,0,2,0,2300,1600
1596,whistle01_01,whistle01_01,1,0,2,0,2300,1600
1597,whistle01_02,whistle01_02,1,0,2,0,2300,1600
1598,fight16,fight16,1,0,2,0,2300,1600
1599,angry16,angry16,1,0,2,0,2300,1600
1600,surprise18,surprise18,1,0,2,0,2300,1600
1601,fish04,fish04,1,0,2,0,2300,1600
1602,guitar02_07,guitar02_07,1,0,2,0,2300,1600
1603,guitar03_01,guitar03_01,1,0,2,0,2300,1600
1604,guitar03_02,guitar03_02,1,0,2,0,2300,1600
1605,drink12_01,drink12_01,1,0,2,0,2300,1600
1606,drink12_02,drink12_02,1,0,2,0,2300,1600
1607,drink12_03,drink12_03,1,0,2,0,2300,1600
1608,doll05_06,doll05_06,1,0,2,0,2300,1600
1609,gum01_01,gum01_01,1,0,2,0,2300,1600
1610,gum01_02,gum01_02,1,0,2,0,2300,1600
1611,gum01_03,gum01_03,1,0,2,0,2300,1600
1612,gum01_04,gum01_04,1,0,2,0,2300,1600
1613,gum02_01,gum02_01,1,0,2,0,2300,1600
1614,gum02_02,gum02_02,1,0,2,0,2300,1600
1615,stretch32_01,stretch32_01,1,0,2,0,2300,1600
1616,stretch32_02,stretch32_02,1,0,2,0,2300,1600
1617,muscle04_01,muscle04_01,1,0,2,0,2300,1600
1618,muscle04_02,muscle04_02,1,0,2,0,2300,1600
1619,muscle04_03,muscle04_03,1,0,4,0,2300,1600
1620,present08_01,present08_01,1,0,2,0,2300,1600
1621,present08_02,present08_02,1,0,2,0,2300,1600
1622,pair_hug01,pair_hug01,0,0,2,2,2300,1600
1623,eat22_01,eat22_01,1,0,2,0,2300,1600
1624,eat22_02,eat22_02,1,0,2,0,2300,1600
1625,eat23_01,eat23_01,1,0,2,0,2300,1600
1626,eat23_02,eat23_02,1,0,2,0,2300,1600
1627,eat23_03,eat23_03,1,0,2,0,2300,1600
1628,eat23_04,eat23_04,1,0,4,0,2300,1600
1629,booksurprise01,booksurprise01,1,0,2,0,2300,1600
1630,eartouch04,eartouch04,1,0,2,0,2300,1600
1631,bookthink01,bookthink01,1,0,2,0,2300,1600
1632,jumpin02,jumpin02,1,0,2,0,2300,1600
1633,paper06_01,paper06_01,1,0,2,0,2300,1600
1634,paper06_02,paper06_02,1,0,2,0,2300,1600
1635,walkunique11,walkunique11,1,0,4,0,2300,1600
1636,pair_sleep01,pair_sleep01,0,0,2,2,2300,1600
1637,prologue10_01,prologue10_01,1,0,2,0,2300,1600
1638,prologue10_02,prologue10_02,1,0,2,0,2300,1600
1639,prologue10_03,prologue10_03,1,0,2,0,2300,1600
1640,take13_01,take13_01,1,0,2,0,2300,1600
1641,take13_02,take13_02,1,0,2,0,2300,1600
1642,dance_ballet02_01,dance_ballet02_01,1,0,2,0,2300,1600
1643,dance_ballet02_02,dance_ballet02_02,1,0,2,0,2300,1600
1644,dance_ballet02_03,dance_ballet02_03,1,0,2,0,2300,1600
1645,dance_ballet03,dance_ballet03,1,0,2,0,2300,1600
1646,dance_ballet04,dance_ballet04,1,0,2,0,2300,1600
1647,angry17,angry17,1,0,2,0,2300,1600
1648,sword06_01,sword06_01,1,0,2,0,2300,1600
1649,sword06_02,sword06_02,1,0,2,0,2300,1600
1650,draw03_01,draw03_01,1,0,2,0,2300,1600
1651,draw03_02,draw03_02,1,0,2,0,2300,1600
1652,draw04_01,draw04_01,1,0,2,0,2300,1600
1653,draw04_02,draw04_02,1,0,2,0,2300,1600
1654,draw05,draw05,1,0,2,0,2300,1600
1655,draw06,draw06,1,0,2,0,2300,1600
1656,draw07,draw07,1,0,2,0,2300,1600
1657,draw08,draw08,1,0,2,0,2300,1600
1658,draw09,draw09,1,0,2,0,2300,1600
1659,pair_acrobat01,pair_acrobat01,0,0,2,2,2300,1600
1660,pair_acrobat02,pair_acrobat02,0,0,2,2,2300,1600
1661,acrobat02,acrobat02,1,0,2,0,2300,1600
1662,acrobat03,acrobat03,1,0,2,0,2300,1600
1663,shout02,shout02,1,0,2,0,2300,1600
1664,speech06,speech06,1,0,2,0,2300,1600
1665,cymbal01,cymbal01,1,0,2,0,2300,1600
1666,cymbal02,cymbal02,1,0,2,0,2300,1600
1667,bag09_01,bag09_01,1,0,2,0,2300,1600
1668,bag09_02,bag09_02,1,0,2,0,2300,1600
1669,newspaper02,newspaper02,1,0,2,0,2300,1600
1670,newspaper03,newspaper03,1,0,2,0,2300,1600
1671,near18_01,near18_01,1,0,2,0,2300,1600
1672,near18_02,near18_02,1,0,2,0,2300,1600
1673,near19,near19,1,0,2,0,2300,1600
1674,hello12,hello12,1,0,2,0,2300,1600
1675,walkback02,walkback02,1,0,4,0,2300,1600
1676,rap01,rap01,1,0,2,0,2300,1600
1677,rap02,rap02,1,0,2,0,2300,1600
1678,walktalk01,walktalk01,1,0,2,0,2300,1600
1679,gun02_05,gun02_05,1,0,2,0,2300,1600
1680,phonegood02,phonegood02,1,0,2,0,2300,1600
1681,runin12,runin12,1,0,0,0,2300,1600
1682,point27,point27,1,0,2,0,2300,1600
1683,pair_heart01,pair_heart01,0,0,2,2,2300,1600
1684,camera03_01,camera03_01,1,0,2,0,2300,1600
1685,camera03_02,camera03_02,1,0,2,0,2300,1600
1686,camera03_03,camera03_03,1,0,2,0,2300,1600
1687,point28,point28,1,0,2,0,2300,1600
1688,chuni11_01,chuni11_01,1,0,2,0,2300,1600
1689,chuni11_02,chuni11_02,1,0,2,0,2300,1600
1690,walk08,walk08,1,0,2,0,2300,1600
1691,newspaper04,newspaper04,1,0,2,0,2300,1600
1692,tapdance05_A,tapdance05_A,1,0,2,0,2300,1600
1693,tapdance05_B,tapdance05_B,1,0,2,0,2300,1600
1694,tapdance06_A,tapdance06_A,1,0,2,0,2300,1600
1695,tapdance06_B,tapdance06_B,1,0,2,0,2300,1600
1696,tapdance07,tapdance07,1,0,2,0,2300,1600
1697,tapdance08,tapdance08,1,0,2,0,2300,1600
1698,tapdance09,tapdance09,1,0,2,0,2300,1600
1699,tapdance10,tapdance10,1,0,2,0,2300,1600
1700,take14_01,take14_01,1,0,2,0,2300,1600
1701,take15_01,take15_01,1,0,2,0,2300,1600
1702,take15_02,take15_02,1,0,2,0,2300,1600
1703,pose18,pose18,1,0,2,0,2300,1600
1704,pillow01,pillow01,1,0,2,0,2300,1600
1705,pillow02,pillow02,1,0,2,0,2300,1600
1706,point29,point29,1,0,2,0,2300,1600
1707,smell02,smell02,1,0,2,0,2300,1600
1708,sword07_01,sword07_01,1,0,2,0,2300,1600
1709,sword07_02,sword07_02,1,0,2,0,2300,1600
1710,sword07_03,sword07_03,1,0,2,0,2300,1600
1711,sword07_04,sword07_04,1,0,2,0,2300,1600
1712,dance_conte01,dance_conte01,1,0,2,0,2300,1600
1713,dance_conte02,dance_conte02,1,0,2,0,2300,1600
1714,dance_conte03,dance_conte03,1,0,2,0,2300,1600
1715,dance_conte04,dance_conte04,1,0,2,0,2300,1600
1716,dance_conte05,dance_conte05,1,0,2,0,2300,1600
1717,dance_conte06,dance_conte06,1,0,2,0,2300,1600
1718,dance_conte07,dance_conte07,1,0,2,0,2300,1600
1719,chuni12,chuni12,1,0,2,0,2300,1600
1720,chuni13,chuni13,1,0,2,0,2300,1600
1721,baton01,baton01,1,0,2,0,2300,1600
1722,baton02,baton02,1,0,2,0,2300,1600
1723,baton03,baton03,1,0,2,0,2300,1600
1724,baton04,baton04,1,0,2,0,2300,1600
1725,baton05,baton05,1,0,2,0,2300,1600
1726,sleep07_A,sleep07_A,1,0,2,0,2300,1600
1727,sleep07_B,sleep07_B,1,0,2,0,2300,1600
1728,joy15,joy15,1,0,2,0,2300,1600
1729,baseball01_04,baseball01_04,1,0,2,0,2300,1600
1730,speech07,speech07,1,0,2,0,2300,1600
1731,diarylook05,diarylook05,1,0,2,0,2300,1600
1732,branch01_01,branch01_01,1,0,2,0,2300,1600
1733,branch01_02,branch01_02,1,0,2,0,2300,1600
1734,branch01_03,branch01_03,1,0,2,0,2300,1600
1735,flag02,flag02,1,0,2,0,2300,1600
1736,flag03,flag03,1,0,2,0,2300,1600
1737,flag04,flag04,1,0,2,0,2300,1600
1738,flag05,flag05,1,0,2,0,2300,1600
1739,flag06,flag06,1,0,2,0,2300,1600
1740,flag07,flag07,1,0,2,0,2300,1600
1741,flag08,flag08,1,0,2,0,2300,1600
1742,flag09,flag09,1,0,2,0,2300,1600
1743,hello13,hello13,1,0,2,0,2300,1600
1744,run17,run17,1,0,4,0,2300,1600
1745,joke10,joke10,1,0,2,0,2300,1600
1746,think19,think19,1,0,2,0,2300,1600
1747,walkhello03,walkhello03,1,0,2,0,2300,1600
1748,drum02_01,drum02_01,1,0,2,0,2300,1600
1749,drum02_02,drum02_02,1,0,2,0,2300,1600
1750,trumpet01_01,trumpet01_01,1,0,2,0,2300,1600
1751,trumpet01_02,trumpet01_02,1,0,2,0,2300,1600
1752,trumpet01_03,trumpet01_03,1,0,2,0,2300,1600
1753,trumpet01_04,trumpet01_04,1,0,2,0,2300,1600
1754,send18,send18,1,0,2,0,2300,1600
1755,pair_touch03,pair_touch03,0,0,2,2,2300,1600
1756,tablet07,tablet07,1,0,2,0,2300,1600
1757,pair_capture01,pair_capture01,0,0,2,2,2300,1600
1758,pair_capture02,pair_capture02,0,0,4,2,2300,1600
1759,pair_near03,pair_near03,0,0,2,2,2300,1600
1760,take16,take16,1,0,2,0,2300,1600
1761,diarylook06,diarylook06,1,0,2,0,2300,1600
1762,phoneplay04,phoneplay04,1,0,2,0,2300,1600
1763,take17,take17,1,0,2,0,2300,1600
1764,drink13_01,drink13_01,1,0,2,0,2300,1600
1765,drink13_02,drink13_02,1,0,2,0,2300,1600
1766,camera04_01,camera04_01,1,0,2,0,2300,1600
1767,koshiate11,koshiate11,1,0,2,0,2300,1600
1768,joy16,joy16,1,0,2,0,2300,1600
1769,point30,point30,1,0,2,0,2300,1600
1770,gatts14,gatts14,1,0,2,0,2300,1600
1771,fight17,fight17,1,0,2,0,2300,1600
1772,fight18,fight18,1,0,2,0,2300,1600
1773,advice06,advice06,1,0,2,0,2300,1600
1774,hello14,hello14,1,0,2,0,2300,1600
1775,good05,good05,1,0,2,0,2300,1600
1776,prologue11_01,prologue11_01,1,0,2,0,2300,1600
1777,prologue11_02,prologue11_02,1,0,2,0,2300,1600
1778,prologue11_03,prologue11_03,1,0,2,0,2300,1600
1779,prologue11_04,prologue11_04,1,0,2,0,2300,1600
1780,prologue11_05,prologue11_05,1,0,2,0,2300,1600
1781,prologue11_06,prologue11_06,1,0,2,0,2300,1600
1782,handsup05,handsup05,1,0,2,0,2300,1600
1783,walk09,walk09,1,0,4,0,2300,1600
1784,guard10,guard10,1,0,2,0,2300,1600
1785,ng10,ng10,1,0,2,0,2300,1600
1786,step03,step03,1,0,2,0,2300,1600
1787,surprise19,surprise19,1,0,2,0,2300,1600
1788,drinkhoneyB04,drinkhoneyB04,1,0,2,0,2300,1600
1789,drinkhoneyB05,drinkhoneyB05,1,0,2,0,2300,1600
1790,near20,near20,1,0,2,0,2300,1600
1791,byebye15,byebye15,1,0,2,0,2300,1600
1792,banzai04,banzai04,1,0,2,0,2300,1600
1793,joy17,joy17,1,0,2,0,2300,1600
1794,step04,step04,1,0,2,0,2300,1600
1795,scared03,scared03,1,0,2,0,2300,1600
1796,check16,check16,1,0,2,0,2300,1600
1797,gatts15,gatts15,1,0,2,0,2300,1600
1798,getup03,getup03,1,0,2,0,2300,1600
1799,advice07,advice07,1,0,2,0,2300,1600
1800,sleep08,sleep08,1,0,4,0,2300,1600
1801,angry18,angry18,1,0,2,0,2300,1600
1802,fight19,fight19,1,0,2,0,2300,1600
1803,ikaku07,ikaku07,1,0,2,0,2300,1600
1804,muneate12_01,muneate12_01,1,0,2,0,2300,1600
1805,muneate12_02,muneate12_02,1,0,2,0,2300,1600
1806,oh15,oh15,1,0,2,0,2300,1600
1807,advice08,advice08,1,0,2,0,2300,1600
1808,sitdown09,sitdown09,1,0,2,0,2300,1600
1809,sudachi08,sudachi08,1,0,2,0,2300,1600
1810,angry19,angry19,1,0,2,0,2300,1600
1811,muneate13,muneate13,1,0,2,0,2300,1600
1812,angry20,angry20,1,0,2,0,2300,1600
1813,walk10,walk10,1,0,4,0,2300,1600
1814,poseunique01,poseunique01,1,0,2,0,2300,1600
1815,poseunique02,poseunique02,1,0,2,0,2300,1600
1816,pain15,pain15,1,0,2,0,2300,1600
1817,appeal04,appeal04,1,0,2,0,2300,1600
1818,byebye16,byebye16,1,0,2,0,2300,1600
1819,soppo13,soppo13,1,0,2,0,2300,1600
1820,bouquet01,bouquet01,1,0,2,0,2300,1600
1821,bouquet02,bouquet02,1,0,2,0,2300,1600
1822,bouquet03,bouquet03,1,0,2,0,2300,1600
1823,bouquet04,bouquet04,1,0,2,0,2300,1600
1824,massage02_01,massage02_01,1,0,2,0,2300,1600
1825,massage02_02,massage02_02,1,0,2,0,2300,1600
1826,take18,take18,1,0,2,0,2300,1600
1827,pose19,pose19,1,0,2,0,2300,1600
1828,takewalk03,takewalk03,1,0,4,0,2300,1600
1829,takewalk04,takewalk04,1,0,4,0,2300,1600
1830,pain16,pain16,1,0,2,0,2300,1600
1831,check17,check17,1,0,2,0,2300,1600
1832,flow01_01,flow01_01,1,0,2,0,2300,1600
1833,flow01_02,flow01_02,1,0,2,0,2300,1600
1834,flow01_03,flow01_03,1,0,2,0,2300,1600
1835,softball01_03,softball01_03,1,0,2,0,2300,1600
1836,bouquet05,bouquet05,1,0,4,0,2300,1600
1837,bouquet06,bouquet06,1,0,4,0,2300,1600
1838,camera05_01,camera05_01,1,0,2,0,2300,1600
1839,camera05_02,camera05_02,1,0,2,0,2300,1600
1840,camera05_03,camera05_03,1,0,2,0,2300,1600
1841,camera05_04,camera05_04,1,0,2,0,2300,1600
1842,fall05,fall05,1,0,2,0,2300,1600
1843,joy18,joy18,1,0,2,0,2300,1600
1844,book05_04,book05_04,1,0,2,0,2300,1600
1845,book07_01,book07_01,1,0,2,0,2300,1600
1846,book07_02,book07_02,1,0,2,0,2300,1600
1847,book07_03,book07_03,1,0,2,0,2300,1600
1848,newspaper05,newspaper05,1,0,2,0,2300,1600
1849,snackbar01,snackbar01,1,0,2,0,2300,1600
1850,pose20,pose20,1,0,2,0,2300,1600
1851,pose21,pose21,1,0,2,0,2300,1600
1852,advice09,advice09,1,0,2,0,2300,1600
1853,umbrella05_03,umbrella05_03,1,0,0,0,2300,1600
1854,capture01_A,capture01_A,1,0,2,0,2300,1600
1855,capture01_B,capture01_B,1,0,2,0,2300,1600
1856,capture02_A,capture02_A,1,0,2,0,2300,1600
1857,capture02_B,capture02_B,1,0,2,0,2300,1600
1858,muscleunique01_01,muscleunique01_01,1,0,2,0,2300,1600
1859,muscleunique01_02,muscleunique01_02,1,0,2,0,2300,1600
1860,main_touch01,main_touch01,1,0,2,0,2300,1600
1861,main_promise03_01,main_promise03_01,1,0,2,0,2300,1600
1862,main_promise03_02,main_promise03_02,1,0,2,0,2300,1600
1863,main_promise04_01,main_promise04_01,1,0,2,0,2300,1600
1864,main_promise04_02,main_promise04_02,1,0,2,0,2300,1600
1865,prologue12_01,prologue12_01,1,0,2,0,2300,1600
1866,prologue12_02,prologue12_02,1,0,2,0,2300,1600
1867,prologue12_03,prologue12_03,1,0,2,0,2300,1600
1868,prologue12_04,prologue12_04,1,0,2,0,2300,1600
1869,prologue12_05,prologue12_05,1,0,0,0,2300,1600
1870,prologue12_06,prologue12_06,1,0,2,0,2300,1600
1871,send19,send19,1,0,2,0,2300,1600
1872,joy19,joy19,1,0,2,0,2300,1600
1873,joy20,joy20,1,0,2,0,2300,1600
1874,joy21,joy21,1,0,2,0,2300,1600
1875,point31,point31,1,0,2,0,2300,1600
1876,see19,see19,1,0,2,0,2300,1600
1877,hot04,hot04,1,0,2,0,2300,1600
1878,hello15,hello15,1,0,2,0,2300,1600
1879,book07_04,book07_04,1,0,2,0,2300,1600
1880,tennis01,tennis01,1,0,2,0,2300,1600
1881,tennis02,tennis02,1,0,2,0,2300,1600
1882,tennis03,tennis03,1,0,0,0,2300,1600
1883,tennis04,tennis04,1,0,2,0,2300,1600
1884,tabletennis01,tabletennis01,1,0,2,0,2300,1600
1885,tabletennis02,tabletennis02,1,0,2,0,2300,1600
1886,tabletennis03,tabletennis03,1,0,0,0,2300,1600
1887,tabletennis04,tabletennis04,1,0,0,0,2300,1600
1888,tool01,tool01,1,0,2,0,2300,1600
1889,tool02,tool02,1,0,2,0,2300,1600
1891,stretch33,stretch33,1,0,2,0,2300,1600
1892,snackbar02,snackbar02,1,0,2,0,2300,1600
1893,snackbar03,snackbar03,1,0,2,0,2300,1600
1894,brush06,brush06,1,0,2,0,2300,1600
1895,jumpin03,jumpin03,1,0,2,0,2300,1600
1896,jumpin04,jumpin04,1,0,2,0,2300,1600
1897,oh16,oh16,1,0,2,0,2300,1600
1898,peace07,peace07,1,0,2,0,2300,1600
1899,fall06,fall06,1,0,2,0,2300,1600
1900,phonedrop01,phonedrop01,1,0,2,0,2300,1600
1901,runback02,runback02,1,0,2,0,2300,1600
1902,phoneshow02,phoneshow02,1,0,2,0,2300,1600
1903,shy14,shy14,1,0,2,0,2300,1600
1904,cough02,cough02,1,0,2,0,2300,1600
1905,brush07,brush07,1,0,2,0,2300,1600
1906,eat22_03,eat22_03,1,0,0,0,2300,1600
1907,eat24_01,eat24_01,1,0,2,0,2300,1600
1908,eat24_02,eat24_02,1,0,2,0,2300,1600
1909,fall07,fall07,1,0,2,0,2300,1600
1910,walkthink01,walkthink01,1,0,4,0,2300,1600
1911,plaster01_01,plaster01_01,1,0,2,0,2300,1600
1912,plaster01_02,plaster01_02,1,0,2,0,2300,1600
1913,plaster01_03,plaster01_03,1,0,4,0,2300,1600
1914,take20_01,take20_01,1,0,2,0,2300,1600
1915,take20_02,take20_02,1,0,2,0,2300,1600
1916,circus01_01,circus01_01,1,0,4,0,2300,1600
1917,circus01_02,circus01_02,1,0,4,0,2300,1600
1918,circus01_03,circus01_03,1,0,4,0,2300,1600
1919,circus02,circus02,1,0,4,0,2300,1600
1920,dance_msr01,dance_msr01,0,0,2,0,2300,1600
1921,eat25_01,eat25_01,1,0,2,0,2300,1600
1922,eat25_02,eat25_02,1,0,2,0,2300,1600
1923,main_near01_A,main_near01_A,1,0,2,0,2300,1600
1924,main_near01_B,main_near01_B,1,0,2,0,2300,1600
1925,take21_01,take21_01,1,0,2,0,2300,1600
1926,take21_02,take21_02,1,0,2,0,2300,1600
1927,takewalk05,takewalk05,1,0,4,0,2300,1600
1928,stone02_01,stone02_01,1,0,2,0,2300,1600
1929,stone02_02,stone02_02,1,0,2,0,2300,1600
1930,stone02_03,stone02_03,1,0,2,0,2300,1600
1931,eat26_01,eat26_01,1,0,2,0,2300,1600
1932,eat26_02,eat26_02,1,0,2,0,2300,1600
1933,paper07_01,paper07_01,1,0,2,0,2300,1600
1934,hold02_01_A,hold02_01_A,1,0,2,0,2300,1600
1935,hold02_01_B,hold02_01_B,1,0,2,0,2300,1600
1936,hold02_02_B,hold02_02_B,1,0,2,0,2300,1600
1937,count02_01,count02_01,1,0,2,0,2300,1600
1938,count02_02,count02_02,1,0,2,0,2300,1600
1939,count02_03,count02_03,1,0,2,0,2300,1600
1940,circus03_01,circus03_01,1,0,2,0,2300,1600
1941,circus03_02,circus03_02,1,0,2,0,2300,1600
1942,circus04_01,circus04_01,1,0,2,0,2300,1600
1943,circus04_02,circus04_02,1,0,0,0,2300,1600
1944,circus04_03,circus04_03,1,0,2,0,2300,1600
1945,angry21,angry21,1,0,2,0,2300,1600
1946,pain17,pain17,1,0,2,0,2300,1600
1947,happy06,happy06,1,0,2,0,2300,1600
1948,surprise20,surprise20,1,0,2,0,2300,1600
1949,take22,take22,1,0,2,0,2300,1600
1950,lookback03,lookback03,1,0,2,0,2300,1600
1951,lookback04,lookback04,1,0,2,0,2300,1600
1952,stretch34,stretch34,1,0,2,0,2300,1600
1953,touch01,touch01,1,0,2,0,2300,1600
1954,see20_01,see20_01,1,0,2,0,2300,1600
1955,see20_02,see20_02,1,0,2,0,2300,1600
1956,see20_03,see20_03,1,0,2,0,2300,1600
1957,binder01_05,binder01_05,1,0,2,0,2300,1600
1958,walk11,walk11,1,0,4,0,2300,1600
1959,mic06,mic06,1,0,2,0,2300,1600
1960,cloth01_03,cloth01_03,1,0,2,0,2300,1600
1961,take23_01,take23_01,1,0,2,0,2300,1600
1962,take23_02,take23_02,1,0,2,0,2300,1600
1963,take23_03,take23_03,1,0,0,0,2300,1600
1964,take23_04,take23_04,1,0,0,0,2300,1600
1965,drink14_01,drink14_01,1,0,2,0,2300,1600
1966,drink14_02,drink14_02,1,0,2,0,2300,1600
1967,prologue13_01,prologue13_01,1,0,2,0,2300,1600
1968,prologue13_02,prologue13_02,1,0,2,0,2300,1600
1969,prologue13_03,prologue13_03,1,0,2,0,2300,1600
1970,prologue13_04,prologue13_04,1,0,2,0,2300,1600
1971,prologue13_05,prologue13_05,1,0,2,0,2300,1600
1972,prologue13_06,prologue13_06,1,0,2,0,2300,1600
1973,prologue13_07,prologue13_07,1,0,2,0,2300,1600
1974,prologue13_08,prologue13_08,1,0,2,0,2300,1600
1975,prologue13_09,prologue13_09,1,0,2,0,2300,1600
1976,prologue13_10,prologue13_10,1,0,2,0,2300,1600
1977,prologue13_11,prologue13_11,1,0,2,0,2300,1600
1978,tablet08_01,tablet08_01,1,0,2,0,2300,1600
1979,cloth02_01,cloth02_01,1,0,2,0,2300,1600
1980,cloth02_02,cloth02_02,1,0,2,0,2300,1600
1981,cloth02_03,cloth02_03,1,0,2,0,2300,1600
1982,card03_01,card03_01,1,0,2,0,2300,1600
1983,card03_02,card03_02,1,0,2,0,2300,1600
1984,card03_03,card03_03,1,0,2,0,2300,1600
1985,card03_04,card03_04,1,0,2,0,2300,1600
1986,shake08,shake08,1,0,2,0,2300,1600
1987,shake09,shake09,1,0,2,0,2300,1600
1988,harmonica01,harmonica01,1,0,2,0,2300,1600
1989,harmonica02,harmonica02,1,0,2,0,2300,1600
1990,harmonica03,harmonica03,1,0,2,0,2300,1600
1991,harmonica04,harmonica04,1,0,2,0,2300,1600
1992,stretch35,stretch35,1,0,2,0,2300,1600
1993,send20,send20,1,0,2,0,2300,1600
1994,shake10,shake10,1,0,2,0,2300,1600
1995,bag10,bag10,1,0,2,0,2300,1600
1996,janken05_01,janken05_01,1,0,2,0,2300,1600
1997,janken05_02,janken05_02,1,0,2,0,2300,1600
1998,janken05_03,janken05_03,1,0,2,0,2300,1600
1999,janken05_04,janken05_04,1,0,2,0,2300,1600
2000,janken06_01,janken06_01,1,0,2,0,2300,1600
2001,janken06_02,janken06_02,1,0,2,0,2300,1600
2002,janken06_03,janken06_03,1,0,2,0,2300,1600
2003,janken06_04,janken06_04,1,0,2,0,2300,1600
2004,takewalk06,takewalk06,1,0,4,0,2300,1600
2005,near21,near21,1,0,2,0,2300,1600
2006,phonelook08,phonelook08,1,0,2,0,2300,1600
2007,sad07_01,sad07_01,1,0,2,0,2300,1600
2008,sad07_02,sad07_02,1,0,2,0,2300,1600
2009,booktalk01,booktalk01,1,0,2,0,2300,1600
2010,tablet09,tablet09,1,0,2,0,2300,1600
2011,tablet10_01,tablet10_01,1,0,2,0,2300,1600
2012,tablet10_02,tablet10_02,1,0,2,0,2300,1600
2013,tablet10_03,tablet10_03,1,0,2,0,2300,1600
2014,tablet10_04,tablet10_04,1,0,2,0,2300,1600
2015,book01_02,book01_02,1,0,2,0,2300,1600
2016,cook05_01,cook05_01,1,0,2,0,2300,1600
2017,cook05_02,cook05_02,1,0,2,0,2300,1600
2018,cookunique01,cookunique01,1,0,2,0,2300,1600
2019,eat27_01,eat27_01,1,0,2,0,2300,1600
2020,eat27_02,eat27_02,1,0,2,0,2300,1600
2021,bow17,bow17,1,0,2,0,2300,1600
2022,diarywrite03_03,diarywrite03_03,1,0,2,0,2300,1600
2023,sword07_05,sword07_05,1,0,2,0,2300,1600
2024,take24_01,take24_01,1,0,2,0,2300,1600
2025,take24_02,take24_02,1,0,2,0,2300,1600
2026,maracas01_06,maracas01_06,1,0,2,0,2300,1600
2027,cook03_02,cook03_02,1,0,2,0,2300,1600
2028,cook06_01,cook06_01,1,0,2,0,2300,1600
2029,cook06_02,cook06_02,1,0,2,0,2300,1600
2030,runtears01_base,runtears01_base,1,0,0,0,2300,1600
2031,dance22,dance22,1,0,2,0,2300,1600
2032,letterlook05_01,letterlook05_01,1,0,2,0,2300,1600
2033,budo06,budo06,1,0,2,0,2300,1600
2034,dance_msr02,dance_msr02,0,0,2,0,2300,1600
2035,dance_msr03,dance_msr03,0,0,2,0,2300,1600
2036,take25_01,take25_01,1,0,2,0,2300,1600
2037,take25_02,take25_02,1,0,2,0,2300,1600
2038,see21,see21,1,0,2,0,2300,1600
2039,point32,point32,1,0,2,0,2300,1600
2040,dice01_01,dice01_01,1,0,2,0,2300,1600
2041,dice01_02,dice01_02,1,0,2,0,2300,1600
2042,dice01_03,dice01_03,1,0,2,0,2300,1600
2043,dice01_04,dice01_04,1,0,2,0,2300,1600
2044,send21,send21,1,0,2,0,2300,1600
2045,hide01,hide01,1,0,2,0,2300,1600
2046,lookback05,lookback05,1,0,2,0,2300,1600
2047,lookback06,lookback06,1,0,4,0,2300,1600
2048,homewalk06,homewalk06,1,0,4,0,2300,1600
2049,homewalk06_D,homewalk06_D,1,0,4,0,2300,1600
2050,homewalk06_U,homewalk06_U,1,0,4,0,2300,1600
2051,homewalk07,homewalk07,1,0,4,0,2300,1600
2052,dance23_01_A,dance23_01_A,1,0,2,0,2300,1600
2053,dance23_01_B,dance23_01_B,1,0,2,0,2300,1600
2054,dance23_02_A,dance23_02_A,1,0,2,0,2300,1600
2055,dance23_02_B,dance23_02_B,1,0,2,0,2300,1600
2056,dance23_03_A,dance23_03_A,1,0,2,0,2300,1600
2057,dance23_03_B,dance23_03_B,1,0,2,0,2300,1600
2058,dance24_01_A,dance24_01_A,1,0,2,0,2300,1600
2059,dance24_01_B,dance24_01_B,1,0,2,0,2300,1600
2060,dance24_02_A,dance24_02_A,1,0,2,0,2300,1600
2061,dance24_02_B,dance24_02_B,1,0,2,0,2300,1600
2062,dance_glu03,dance_glu03,0,0,2,0,2300,1600
2063,dance_glu04,dance_glu04,1,0,2,0,2300,1600
2064,tablet10_05,tablet10_05,1,0,2,0,2300,1600
2065,count03_01,count03_01,1,0,2,0,2300,1600
2066,count03_02,count03_02,1,0,4,0,2300,1600
2067,poseunique03,poseunique03,1,0,2,0,2300,1600
2068,poseunique04,poseunique04,1,0,2,0,2300,1600
2069,poseunique05,poseunique05,1,0,2,0,2300,1600
2070,sing08,sing08,1,0,2,0,2300,1600
2071,sing09,sing09,1,0,2,0,2300,1600
2072,snap05_01,snap05_01,1,0,2,0,2300,1600
2073,snap05_02,snap05_02,1,0,2,0,2300,1600
2074,sitdown10,sitdown10,1,0,2,0,2300,1600
2075,send22,send22,1,0,2,0,2300,1600
2076,muneate14,muneate14,1,0,2,0,2300,1600
2077,tired14,tired14,1,0,2,0,2300,1600
2078,take26,take26,1,0,2,0,2300,1600
2079,takewalk07,takewalk07,1,0,0,0,2300,1600
2080,takewalk08,takewalk08,1,0,0,0,2300,1600
2081,take27,take27,1,0,2,0,2300,1600
2082,takewalk09,takewalk09,1,0,0,0,2300,1600
2083,takewalk10,takewalk10,1,0,0,0,2300,1600
2084,come07,come07,1,0,2,0,2300,1600
2085,manzai01,manzai01,1,0,2,0,2300,1600
2086,manzai02,manzai02,1,0,2,0,2300,1600
2087,manzai03,manzai03,1,0,2,0,2300,1600
2088,manzai04,manzai04,1,0,2,0,2300,1600
2089,manzai05,manzai05,1,0,2,0,2300,1600
2090,manzai06,manzai06,1,0,2,0,2300,1600
2091,manzai07,manzai07,1,0,2,0,2300,1600
2092,cook07_01,cook07_01,1,0,2,0,2300,1600
2093,cook07_02,cook07_02,1,0,2,0,2300,1600
2094,cookunique02_01,cookunique02_01,1,0,2,0,2300,1600
2095,cookunique02_02,cookunique02_02,1,0,2,0,2300,1600
2096,cookunique02_03,cookunique02_03,1,0,2,0,2300,1600
2099,hope13,hope13,1,0,2,0,2300,1600
2100,send23_01,send23_01,1,0,2,0,2300,1600
2101,send23_02,send23_02,1,0,2,0,2300,1600
2102,take28_01,take28_01,1,0,2,0,2300,1600
2103,take28_02,take28_02,1,0,2,0,2300,1600
2104,take28_03,take28_03,1,0,2,0,2300,1600
2105,bow18_01_A,bow18_01_A,1,0,2,0,2300,1600
2106,bow18_01_B,bow18_01_B,1,0,2,0,2300,1600
2107,bow18_02_A,bow18_02_A,1,0,2,0,2300,1600
2108,bow18_02_B,bow18_02_B,1,0,2,0,2300,1600
2109,sing10,sing10,1,0,2,0,2300,1600
2110,mic07,mic07,1,0,2,0,2300,1600
2111,mic08,mic08,1,0,2,0,2300,1600
2112,tired15,tired15,1,0,2,0,2300,1600
2113,send24,send24,1,0,2,0,2300,1600
2114,dance_glu05,dance_glu05,1,0,2,0,2300,1600
2115,dance_volt01,dance_volt01,1,0,2,0,2300,1600
2116,take29,take29,1,0,2,0,2300,1600
2117,send25,send25,1,0,2,0,2300,1600
2118,tsunahiki01,tsunahiki01,1,0,2,0,2300,1600
2119,tsunahiki02,tsunahiki02,1,0,2,0,2300,1600
2120,tsunahiki03,tsunahiki03,1,0,2,0,2300,1600
2121,tsunahiki04,tsunahiki04,1,0,2,0,2300,1600
2122,take30_01,take30_01,1,0,2,0,2300,1600
2123,send26,send26,1,0,2,0,2300,1600
2124,point33,point33,1,0,2,0,2300,1600
2125,sword03_08,sword03_08,1,0,2,0,2300,1600
2126,sword03_09,sword03_09,1,0,2,0,2300,1600
2127,sword03_10,sword03_10,1,0,2,0,2300,1600
2128,sword03_11,sword03_11,1,0,2,0,2300,1600
2129,sword03_12,sword03_12,1,0,2,0,2300,1600
2130,sword03_13,sword03_13,1,0,2,0,2300,1600
2131,sword03_14,sword03_14,1,0,2,0,2300,1600
2132,supporter10,supporter10,1,0,2,0,2300,1600
2133,runrelay01,runrelay01,1,0,4,0,2300,1600
2134,runrelay02,runrelay02,1,0,4,0,2300,1600
2135,runrelay03,runrelay03,1,0,4,0,2300,1600
2136,runrelay04,runrelay04,1,0,4,0,2300,1600
2137,prologue14_01,prologue14_01,1,0,2,0,2300,1600
2138,prologue14_02,prologue14_02,1,0,2,0,2300,1600
2139,prologue14_03,prologue14_03,1,0,2,0,2300,1600
2140,prologue14_04,prologue14_04,1,0,2,0,2300,1600
2141,prologue14_05,prologue14_05,1,0,2,0,2300,1600
2142,prologue14_06,prologue14_06,1,0,2,0,2300,1600
2143,prologue14_07,prologue14_07,1,0,2,0,2300,1600
2144,prologue14_08,prologue14_08,1,0,2,0,2300,1600
2145,prologue14_09,prologue14_09,1,0,2,0,2300,1600
2146,prologue14_10,prologue14_10,1,0,2,0,2300,1600
2147,prologue14_11,prologue14_11,1,0,2,0,2300,1600
2148,prologue14_12,prologue14_12,1,0,2,0,2300,1600
2149,prologue14_13,prologue14_13,1,0,2,0,2300,1600
2150,prologue14_14,prologue14_14,1,0,2,0,2300,1600
2151,prologue14_15,prologue14_15,1,0,2,0,2300,1600
2152,prologue14_16,prologue14_16,1,0,2,0,2300,1600
2153,lantern02_01,lantern02_01,1,0,2,0,2300,1600
2154,lantern02_02,lantern02_02,1,0,2,0,2300,1600
2155,manzai08,manzai08,1,0,2,0,2300,1600
2156,gesture01_01,gesture01_01,1,0,2,0,2300,1600
2157,gesture01_02,gesture01_02,1,0,2,0,2300,1600
2158,gesture01_03,gesture01_03,1,0,0,0,2300,1600
2159,paper08_01,paper08_01,1,0,2,0,2300,1600
2160,paper08_02,paper08_02,1,0,2,0,2300,1600
2161,violin02_01,violin02_01,1,0,2,0,2300,1600
2162,violin02_02,violin02_02,1,0,2,0,2300,1600
2163,violin02_03,violin02_03,1,0,2,0,2300,1600
2164,seaglass01,seaglass01,1,0,2,0,2300,1600
2165,seaglass02,seaglass02,1,0,2,0,2300,1600
2166,take31,take31,1,0,2,0,2300,1600
2167,letterlook06_01,letterlook06_01,1,0,2,0,2300,1600
2168,duster01,duster01,1,0,2,0,2300,1600
2169,duster02,duster02,1,0,2,0,2300,1600
2170,turn09,turn09,1,0,4,0,2300,1600
2174,present09_01,present09_01,1,0,2,0,2300,1600
2175,present09_02,present09_02,1,0,2,0,2300,1600
2176,supporter11,supporter11,1,0,2,0,2300,1600
2177,supporter12,supporter12,1,0,2,0,2300,1600
2178,stone03_01,stone03_01,1,0,2,0,2300,1600
2179,stone03_02,stone03_02,1,0,2,0,2300,1600
2180,stone03_03,stone03_03,1,0,2,0,2300,1600
2181,wand01_01,wand01_01,1,0,2,0,2300,1600
2182,wand01_02,wand01_02,1,0,2,0,2300,1600
2183,wand01_03,wand01_03,1,0,2,0,2300,1600
2184,wand01_04,wand01_04,1,0,2,0,2300,1600
2185,wand01_05,wand01_05,1,0,2,0,2300,1600
2186,wand01_06,wand01_06,1,0,2,0,2300,1600
2187,cloth02_04,cloth02_04,1,0,2,0,2300,1600
2188,guard11,guard11,1,0,2,0,2300,1600
2189,walkhope01,walkhope01,0,0,4,0,2300,1600
2190,pain18,pain18,1,0,2,0,2300,1600
2191,bow19,bow19,1,0,2,0,2300,1600
2192,dance_minuet01,dance_minuet01,1,0,2,0,2300,1600
2193,dance_minuet02,dance_minuet02,1,0,2,0,2300,1600
2194,dance_minuet03,dance_minuet03,1,0,2,0,2300,1600
2195,dance_minuet04,dance_minuet04,1,0,2,0,2300,1600
2196,flower04_01,flower04_01,1,0,2,0,2300,1600
2197,flower04_02,flower04_02,1,0,2,0,2300,1600
2198,flower05_01,flower05_01,1,0,2,0,2300,1600
2199,flower06_01,flower06_01,1,0,2,0,2300,1600
2200,present09_03,present09_03,1,0,2,0,2300,1600
2201,take34_01,take34_01,1,0,2,0,2300,1600
2202,take34_02,take34_02,1,0,2,0,2300,1600
2203,tabletennis05,tabletennis05,1,0,2,0,2300,1600
2204,walkudekumi01,walkudekumi01,1,0,2,0,2300,1600
2205,tool03,tool03,1,0,2,0,2300,1600
2206,punch08,punch08,1,0,2,0,2300,1600
2207,broom01_03,broom01_03,1,0,2,0,2300,1600
2208,jumpin05,jumpin05,1,0,2,0,2300,1600
2209,punch09,punch09,1,0,2,0,2300,1600
