id,subscription_type,target_type,effect_type_1,effect_value_1,user_show,image_icon_id,transition_type,start_time,end_time
1,1,1,1,200,1,1,10001,1734577200,1771901999
2,1,2,2,3,1,2,20003,1734577200,1771901999
3,1,17,0,0,1,29,0,1771902000,2525353200
4,1,15,0,0,1,28,0,1771902000,2525353200
5,1,1,1,200,1,1,10001,1771902000,2525353200
6,1,2,2,3,1,2,20003,1771902000,2525353200
7,2,1,0,0,1,31,10001,1771902000,2525353200
8,2,16,0,0,1,32,30008,1771902000,2525353200
9,2,1,0,0,1,7,10001,1771902000,2525353200
